Workbook

Sheet Reporte Diario
S1: CODIGO:
E2: SISTEMA DE GESTION INTEGRADO
E3: REPORTE DIARIO DE ACTIVIDADES DEL TURNO | S3: REV. 0
S4: FECHA:
C6: Fecha: | K6: Promedio HH.EE Cuadrillas Mineria | M6: =+G47 -> 0.24305556
C7: Turno: | K7: Cumplimiento Actividades | M7: =+H49 -> 1
C8: Jefe de Turno: | J8: Resumen | K8: Total MLB | M8: =+G67 -> 132
C9: Grupo: | J9: de KPI | K9: Total M3 Marina | M9: =+G81 -> 294
K10: Total M3 Shotcrete | M10: =+G91 -> 0
K11: Total Avance en Ciclo Minero | M11: =+H53 -> 0.55733029
K12: Total Dotación Turno | M12: =+SUM(D15:D16,D17:D18,K15:K16,K17:K18,P15:P16,P17:P18) -> 63
B14: DOTACION
B15: Minería | C15: Trabajadores | D15: 10 | H15: Electricistas | J15: Trabajadores | K15: 10 | N15: Mecánicos | O15: Trabajadores | P15: 10
C16: Supervisores | D16: 2 | J16: Supervisores | K16: 2 | O16: Supervisores | P16: 2
B17: OO.CC | C17: Trabajadores | D17: 8 | H17: Servicios | J17: Trabajadores | K17: 8 | N17: Subcontratos | O17: Trabajadores | P17: 8
C18: Supervisores | D18: 1 | J18: Supervisores | K18: 1 | O18: Supervisores | P18: 1
B19: Frente | D19: Frente
B20: NIVEL | C20: POSTURA | D20: ACTIVIDAD | E20: DISCIPLINA | F20: RECURSO (CUADRILLA) | G20: EQUIPO ASIGNADO | H20: HORA INICIO | I20: HORA TERMINO | J20: DURACIÓN ACTIVIDAD | K20: CANTIDAD REALIZADA (Pernos, Malla, Shotcrete, Baldadas, Tiros, etc) | L20: UNIDAD | M20: LARGO PERFORACIÓN (m) (Actividades Jumbos) | N20: % AVANCE DE LA ACTIVIDAD | O20: DETALLE DE LA ACTIVIDAD | P20: PERDIDAS OPERACIONALES (PO) | Q20: HORA INICIO | R20: HORA TERMINO | S20: DURACIÓN INTERFERENCIA | U20: PONDERACIÓN CICLO | V20: MLB | W20: Baldadas | X20: Shotcrete
C21: =+Datos!R2 -> Ciclo Minero 10,0 x 7,2 m Galería Inyección Principal | D21: Gestión de Sitio | E21: Minería | F21: C1 | H21: 0.35416667 | I21: 0.38888889 | J21: =+MOD(I21-H21,1) -> 0.034722222 | N21: 1 | Q21: 0.43055556 | R21: 0.47916667 | S21: =+MOD(R21-Q21,1) -> 0.048611111 | U21: =+IFERROR(VLOOKUP(D21,Datos!$R$3:$T$19,3,FALSE), "0") -> 0 | V21: =IF(OR(D21="Perforación de Fortificación", D21="Perforación de Avance", D21="Perforación Desquinche"), K21*M21, "") | W21: =IF(D21="Extracción de Marina Disparo",K21,"") | X21: =IF(OR(D21="Shotcrete", D21="Pre Shotcrete"), K21, "")
C22: =+C21 -> Ciclo Minero 10,0 x 7,2 m Galería Inyección Principal | D22: Perforación de Fortificación | F22: O1 | G22: Jumbo 2 | H22: 0.38888889 | I22: 0.54166667 | J22: =+MOD(I22-H22,1) -> 0.15277778 | K22: 33 | L22: Pernos | M22: 4 | N22: 1 | S22: =+MOD(R22-Q22,1) -> 0 | U22: =+IFERROR(VLOOKUP(D22,Datos!$R$3:$T$19,3,FALSE), "0") -> 0.086138049 | V22: =IF(OR(D22="Perforación de Fortificación", D22="Perforación de Avance", D22="Perforación Desquinche"), K22*M22, "") -> 132 | W22: =IF(D22="Extracción de Marina Disparo",K22,"") | X22: =IF(OR(D22="Shotcrete", D22="Pre Shotcrete"), K22, "")
C23: =+C22 -> Ciclo Minero 10,0 x 7,2 m Galería Inyección Principal | D23: Lechado de Pernos | F23: C1 | G23: MT2 | H23: 0.5625 | I23: 0.64583333 | J23: =+MOD(I23-H23,1) -> 0.083333333 | K23: 33 | L23: Pernos | M23: 4 | N23: 1 | S23: =+MOD(R23-Q23,1) -> 0 | U23: =+IFERROR(VLOOKUP(D23,Datos!$R$3:$T$19,3,FALSE), "0") -> 0.1779806 | V23: =IF(OR(D23="Perforación de Fortificación", D23="Perforación de Avance", D23="Perforación Desquinche"), K23*M23, "") | W23: =IF(D23="Extracción de Marina Disparo",K23,"") | X23: =IF(OR(D23="Shotcrete", D23="Pre Shotcrete"), K23, "")
C24: =+C23 -> Ciclo Minero 10,0 x 7,2 m Galería Inyección Principal | D24: Instalación de Malla | F24: C1 | G24: MT2 | H24: 0.6875 | I24: 0.8125 | J24: =+MOD(I24-H24,1) -> 0.125 | K24: =30*3 -> 90 | L24: m² | M24: 0 | N24: 1 | S24: =+MOD(R24-Q24,1) -> 0 | U24: =+IFERROR(VLOOKUP(D24,Datos!$R$3:$T$19,3,FALSE), "0") -> 0.068454079 | V24: =IF(OR(D24="Perforación de Fortificación", D24="Perforación de Avance", D24="Perforación Desquinche"), K24*M24, "") | W24: =IF(D24="Extracción de Marina Disparo",K24,"") | X24: =IF(OR(D24="Shotcrete", D24="Pre Shotcrete"), K24, "")
C25: =+C24 -> Ciclo Minero 10,0 x 7,2 m Galería Inyección Principal | D25: Extracción de Marina Disparo | F25: O2 | G25: Scoop 1 | H25: 0.64583333 | I25: 0.6875 | J25: =+MOD(I25-H25,1) -> 0.041666667 | K25: 60 | L25: m³ | M25: 0 | N25: 1 | S25: =+MOD(R25-Q25,1) -> 0 | U25: =+IFERROR(VLOOKUP(D25,Datos!$R$3:$T$19,3,FALSE), "0") -> 0.22475756 | V25: =IF(OR(D25="Perforación de Fortificación", D25="Perforación de Avance", D25="Perforación Desquinche"), K25*M25, "") | W25: =IF(D25="Extracción de Marina Disparo",K25,"") -> 60 | X25: =IF(OR(D25="Shotcrete", D25="Pre Shotcrete"), K25, "")
C26: =+C25 -> Ciclo Minero 10,0 x 7,2 m Galería Inyección Principal | S26: =+MOD(R26-Q26,1) -> 0 | U26: =+IFERROR(VLOOKUP(D26,Datos!$R$3:$T$19,3,FALSE), "0") -> 0 | V26: =IF(OR(D26="Perforación de Fortificación", D26="Perforación de Avance", D26="Perforación Desquinche"), K26*M26, "") | W26: =IF(D26="Extracción de Marina Disparo",K26,"") | X26: =IF(OR(D26="Shotcrete", D26="Pre Shotcrete"), K26, "")
C27: =+C26 -> Ciclo Minero 10,0 x 7,2 m Galería Inyección Principal | S27: =+MOD(R27-Q27,1) -> 0 | U27: =+IFERROR(VLOOKUP(D27,Datos!$R$3:$T$19,3,FALSE), "0") -> 0 | V27: =IF(OR(D27="Perforación de Fortificación", D27="Perforación de Avance", D27="Perforación Desquinche"), K27*M27, "") | W27: =IF(D27="Extracción de Marina Disparo",K27,"") | X27: =IF(OR(D27="Shotcrete", D27="Pre Shotcrete"), K27, "")
B28: NIVEL | C28: POSTURA | D28: ACTIVIDAD | E28: DISCIPLINA | F28: RECURSO (CUADRILLA) | G28: EQUIPO ASIGNADO | H28: HORA INICIO | I28: HORA TERMINO | J28: DURACIÓN ACTIVIDAD | K28: CANTIDAD REALIZADA (Pernos, Malla, Shotcrete, Baldadas, Tiros, etc) | L28: UNIDAD | M28: LARGO PERFORACIÓN (m) (Actividades Jumbos) | N28: % AVANCE DE LA ACTIVIDAD | O28: DETALLE DE LA ACTIVIDAD | P28: INTERFERENCIAS REGISTRADAS | Q28: HORA INICIO | R28: HORA TERMINO | S28: DURACIÓN INTERFERENCIA | V28: MLB | W28: Baldadas | X28: Baldadas
C29: =+Datos!R23 -> Ciclo Minero 5,2 x 5,6 m Galería Acceso Portal de Servicio | Q29: 0.43055556 | R29: 0.47916667 | S29: =+MOD(R29-Q29,1) -> 0.048611111 | U29: =+IFERROR(VLOOKUP(D29,Datos!$R$24:$T$40,3,FALSE), "0") -> 0 | V29: =IF(OR(D29="Perforación de Fortificación", D29="Perforación de Avance", D29="Perforación Desquinche"), K29*M29, "") | W29: =IF(D29="Extracción de Marina Disparo",K29,"") | X29: =IF(OR(D29="Shotcrete", D29="Pre Shotcrete"), K29, "")
C30: =+C29 -> Ciclo Minero 5,2 x 5,6 m Galería Acceso Portal de Servicio | S30: =+MOD(R30-Q30,1) -> 0 | U30: =+IFERROR(VLOOKUP(D30,Datos!$R$24:$T$40,3,FALSE), "0") -> 0 | V30: =IF(OR(D30="Perforación de Fortificación", D30="Perforación de Avance", D30="Perforación Desquinche"), K30*M30, "") | W30: =IF(D30="Extracción de Marina Disparo",K30,"") | X30: =IF(OR(D30="Shotcrete", D30="Pre Shotcrete"), K30, "")
C31: =+C30 -> Ciclo Minero 5,2 x 5,6 m Galería Acceso Portal de Servicio | S31: =+MOD(R31-Q31,1) -> 0 | U31: =+IFERROR(VLOOKUP(D31,Datos!$R$24:$T$40,3,FALSE), "0") -> 0 | V31: =IF(OR(D31="Perforación de Fortificación", D31="Perforación de Avance", D31="Perforación Desquinche"), K31*M31, "") | W31: =IF(D31="Extracción de Marina Disparo",K31,"") | X31: =IF(OR(D31="Shotcrete", D31="Pre Shotcrete"), K31, "")
C32: =+C31 -> Ciclo Minero 5,2 x 5,6 m Galería Acceso Portal de Servicio | S32: =+MOD(R32-Q32,1) -> 0 | U32: =+IFERROR(VLOOKUP(D32,Datos!$R$24:$T$40,3,FALSE), "0") -> 0 | V32: =IF(OR(D32="Perforación de Fortificación", D32="Perforación de Avance", D32="Perforación Desquinche"), K32*M32, "") | W32: =IF(D32="Extracción de Marina Disparo",K32,"") | X32: =IF(OR(D32="Shotcrete", D32="Pre Shotcrete"), K32, "")
C33: =+C32 -> Ciclo Minero 5,2 x 5,6 m Galería Acceso Portal de Servicio | S33: =+MOD(R33-Q33,1) -> 0 | U33: =+IFERROR(VLOOKUP(D33,Datos!$R$24:$T$40,3,FALSE), "0") -> 0 | V33: =IF(OR(D33="Perforación de Fortificación", D33="Perforación de Avance", D33="Perforación Desquinche"), K33*M33, "") | W33: =IF(D33="Extracción de Marina Disparo",K33,"") | X33: =IF(OR(D33="Shotcrete", D33="Pre Shotcrete"), K33, "")
C34: =+C33 -> Ciclo Minero 5,2 x 5,6 m Galería Acceso Portal de Servicio | S34: =+MOD(R34-Q34,1) -> 0 | U34: =+IFERROR(VLOOKUP(D34,Datos!$R$24:$T$40,3,FALSE), "0") -> 0 | V34: =IF(OR(D34="Perforación de Fortificación", D34="Perforación de Avance", D34="Perforación Desquinche"), K34*M34, "") | W34: =IF(D34="Extracción de Marina Disparo",K34,"") | X34: =IF(OR(D34="Shotcrete", D34="Pre Shotcrete"), K34, "")
C35: =+C34 -> Ciclo Minero 5,2 x 5,6 m Galería Acceso Portal de Servicio | S35: =+MOD(R35-Q35,1) -> 0 | U35: =+IFERROR(VLOOKUP(D35,Datos!$R$24:$T$40,3,FALSE), "0") -> 0 | V35: =IF(OR(D35="Perforación de Fortificación", D35="Perforación de Avance", D35="Perforación Desquinche"), K35*M35, "") | W35: =IF(D35="Extracción de Marina Disparo",K35,"") | X35: =IF(OR(D35="Shotcrete", D35="Pre Shotcrete"), K35, "")
B36: NIVEL | C36: POSTURA | D36: ACTIVIDAD | E36: DISCIPLINA | F36: RECURSO (CUADRILLA) | G36: EQUIPO ASIGNADO | H36: HORA INICIO | I36: HORA TERMINO | J36: DURACIÓN ACTIVIDAD | K36: CANTIDAD REALIZADA (Pernos, Malla, Shotcrete, Baldadas, Tiros, etc) | L36: UNIDAD | M36: LARGO PERFORACIÓN (m) (Actividades Jumbos) | N36: % AVANCE DE LA ACTIVIDAD | O36: DETALLE DE LA ACTIVIDAD | P36: INTERFERENCIAS REGISTRADAS | Q36: HORA INICIO | R36: HORA TERMINO | S36: DURACIÓN INTERFERENCIA | V36: MLB | W36: Baldadas | X36: Baldadas
C37: =+Datos!R43 -> Ciclo Minero 9,6 x 7,2 m Galería Inyección Principal Portal | Q37: 0.43055556 | R37: 0.47916667 | S37: =+MOD(R37-Q37,1) -> 0.048611111 | U37: =+IFERROR(VLOOKUP(D37,Datos!$R$44:$T$60,3,FALSE), "0") -> 0 | V37: =IF(OR(D37="Perforación de Fortificación", D37="Perforación de Avance", D37="Perforación Desquinche"), K37*M37, "") | W37: =IF(D37="Extracción de Marina Disparo",K37,"") | X37: =IF(OR(D37="Shotcrete", D37="Pre Shotcrete"), K37, "")
C38: =+C37 -> Ciclo Minero 9,6 x 7,2 m Galería Inyección Principal Portal | S38: =+MOD(R38-Q38,1) -> 0 | U38: =+IFERROR(VLOOKUP(D38,Datos!$R$44:$T$60,3,FALSE), "0") -> 0 | V38: =IF(OR(D38="Perforación de Fortificación", D38="Perforación de Avance", D38="Perforación Desquinche"), K38*M38, "") | W38: =IF(D38="Extracción de Marina Disparo",K38,"") | X38: =IF(OR(D38="Shotcrete", D38="Pre Shotcrete"), K38, "")
C39: =+C38 -> Ciclo Minero 9,6 x 7,2 m Galería Inyección Principal Portal | S39: =+MOD(R39-Q39,1) -> 0 | U39: =+IFERROR(VLOOKUP(D39,Datos!$R$44:$T$60,3,FALSE), "0") -> 0 | V39: =IF(OR(D39="Perforación de Fortificación", D39="Perforación de Avance", D39="Perforación Desquinche"), K39*M39, "") | W39: =IF(D39="Extracción de Marina Disparo",K39,"") | X39: =IF(OR(D39="Shotcrete", D39="Pre Shotcrete"), K39, "")
C40: =+C39 -> Ciclo Minero 9,6 x 7,2 m Galería Inyección Principal Portal | S40: =+MOD(R40-Q40,1) -> 0 | U40: =+IFERROR(VLOOKUP(D40,Datos!$R$44:$T$60,3,FALSE), "0") -> 0 | V40: =IF(OR(D40="Perforación de Fortificación", D40="Perforación de Avance", D40="Perforación Desquinche"), K40*M40, "") | W40: =IF(D40="Extracción de Marina Disparo",K40,"") | X40: =IF(OR(D40="Shotcrete", D40="Pre Shotcrete"), K40, "")
C41: =+C40 -> Ciclo Minero 9,6 x 7,2 m Galería Inyección Principal Portal | S41: =+MOD(R41-Q41,1) -> 0 | U41: =+IFERROR(VLOOKUP(D41,Datos!$R$44:$T$60,3,FALSE), "0") -> 0 | V41: =IF(OR(D41="Perforación de Fortificación", D41="Perforación de Avance", D41="Perforación Desquinche"), K41*M41, "") | W41: =IF(D41="Extracción de Marina Disparo",K41,"") | X41: =IF(OR(D41="Shotcrete", D41="Pre Shotcrete"), K41, "")
C42: =+C41 -> Ciclo Minero 9,6 x 7,2 m Galería Inyección Principal Portal | S42: =+MOD(R42-Q42,1) -> 0 | U42: =+IFERROR(VLOOKUP(D42,Datos!$R$44:$T$60,3,FALSE), "0") -> 0 | V42: =IF(OR(D42="Perforación de Fortificación", D42="Perforación de Avance", D42="Perforación Desquinche"), K42*M42, "") | W42: =IF(D42="Extracción de Marina Disparo",K42,"") | X42: =IF(OR(D42="Shotcrete", D42="Pre Shotcrete"), K42, "")
C43: =+C42 -> Ciclo Minero 9,6 x 7,2 m Galería Inyección Principal Portal | S43: =+MOD(R43-Q43,1) -> 0 | U43: =+IFERROR(VLOOKUP(D43,Datos!$R$44:$T$60,3,FALSE), "0") -> 0 | V43: =IF(OR(D43="Perforación de Fortificación", D43="Perforación de Avance", D43="Perforación Desquinche"), K43*M43, "") | W43: =IF(D43="Extracción de Marina Disparo",K43,"") | X43: =IF(OR(D43="Shotcrete", D43="Pre Shotcrete"), K43, "")
C45: KPI de Control Cuadrillas
C46: Cantidad de Cuadrillas Mineras | D46: =SUMPRODUCT((LEFT(F21:F43, 1)="C") / (COUNTIF(F21:F43, F21:F43 & "") + (F21:F43=""))) -> 1 | E46: Meta Horas Efectivas | G46: 0.375 | H46: % Cumplimiento
C47: Cantidad de Cuadrillas OO.CC | D47: =SUMPRODUCT((LEFT(F21:F43, 1)="O") / (COUNTIF(F21:F43, F21:F43 & "") + (F21:F43=""))) -> 2 | E47: Horas Efectivas Cuadrillas Mineras (Promedio) | G47: =+SUM(SUMIF($F$21:$F$43, "C*", $J$21:$J$43))/SUMPRODUCT((LEFT(F21:F43, 1)="C") / (COUNTIF(F21:F43, F21:F43 & "") + (F21:F43=""))) -> 0.24305556 | H47: =+G47*24/($G$46*24) -> 0.64814815
E48: Horas Efectivas Cuadrillas OO.CC (Promedio) | G48: =+SUM(SUMIF($F$21:$F$43, "o*", $J$21:$J$43)) -> 0.19444444 | H48: =+G48*24/($G$46*24) -> 0.51851852
E49: % Cumplimiento de Actividades | H49: =+AVERAGE(N21:N43) -> 1 | I49: Avance Venta | K49: Valor Metro Lineal ($/m)
E50: % Avance Ciclo Postura 1 | H50: =SUMPRODUCT(N21:N27 * U21:U27 * (N21:N27<>"") * (U21:U27<>"")) -> 0.55733029 | I50: =+H50*$K$50*$K$52 -> 23.18494 | K50: 13
E51: % Avance Ciclo Postura 2 | H51: =+SUMPRODUCT(N29:N35 * U29:U35 * (N29:N35<>"") * (U29:U35<>"")) -> 0 | I51: =+H51*$K$50*$K$52 -> 0 | K51: Avance x Disparo (m)
E52: % Avance Ciclo Postura 3 | H52: =+SUMPRODUCT(N37:N43 * U37:U43 * (N37:N43<>"") * (U37:U43<>"")) -> 0 | I52: =+H52*$K$50*$K$52 -> 0 | K52: 3.2
E53: % Avance Ciclo | H53: =SUMPRODUCT(N21:N27 * U21:U27 * (N21:N27<>"") * (U21:U27<>""))+SUMPRODUCT(N29:N35 * U29:U35 * (N29:N35<>"") * (U29:U35<>""))+SUMPRODUCT(N37:N43 * U37:U43 * (N37:N43<>"") * (U37:U43<>"")) -> 0.55733029 | I53: =+H53*$K$50*$K$52 -> 23.18494
C55: KPI de Control Jumbos
C56: Cantidad de Jumbos | D56: =SUMPRODUCT((LEFT(G21:G43, 5)="Jumbo") / (COUNTIF(G21:G43, G21:G43 & "") + (G21:G43=""))) -> 1 | E56: Meta Horas Efectivas | G56: 0.20833333
E57: Meta MLB Turno (Promedio) | G57: =15000/(60) -> 250 | H57: % Cumpl
E58: Horas Efectivas Jumbos (Promedio) | G58: =+SUM(SUMIF($G$21:$G$43, "Jumbo*", $J$21:$J$43))/SUMPRODUCT((LEFT(G21:G43, 5)="Jumbo") / (COUNTIF(G21:G43, G21:G43 & "") + (G21:G43=""))) -> 0.15277778 | H58: =+G58*24/($G$56*24) -> 0.73333333
E59: Promedio MLB/Turno | G59: =+SUM(V21:V43)/D56 -> 132 | H59: =+G59/G57 -> 0.528
G60: MLB | H60: % Cumplimiento
F61: Jumbo 1 | G61: =SUMIF($G$21:$G$43, +F61,$V$21:$V$43) -> 0 | H61: =+G61/$G$57 -> 0
F62: Jumbo 2 | G62: =SUMIF($G$21:$G$43, +F62,$V$21:$V$43) -> 132 | H62: =+G62/$G$57 -> 0.528
F63: Jumbo 3 | G63: =SUMIF($G$21:$G$43, +F63,$V$21:$V$43) -> 0 | H63: =+G63/$G$57 -> 0
F64: Jumbo 4 | G64: =SUMIF($G$21:$G$43, +F64,$V$21:$V$43) -> 0 | H64: =+G64/$G$57 -> 0
F65: Jumbo 5 | G65: =SUMIF($G$21:$G$43, +F65,$V$21:$V$43) -> 0 | H65: =+G65/$G$57 -> 0
F66: Jumbo 6 | G66: =SUMIF($G$21:$G$43, +F66,$V$21:$V$43) -> 0 | H66: =+G66/$G$57 -> 0
F67: Total | G67: =+SUM(G61:G66) -> 132 | H67: =+G67/($G$57*$D$56) -> 0.528
C69: KPI de Control Scoop
C70: Cantidad de Scoop | D70: =SUMPRODUCT((LEFT(G21:G43, 5)="Scoop") / (COUNTIF(G21:G43, G21:G43 & "") + (G21:G43=""))) -> 1 | E70: Meta Horas Efectivas | G70: 0.20833333
C71: Capacidad Balde (m3) | D71: 4.9 | E71: Meta M3 Turno (Promedio) | G71: =15000/(60) -> 250 | H71: % Cumplimiento
E72: Horas Efectivas Scoop (Promedio) | G72: =+SUM(SUMIF($G$21:$G$43, "Scoop*", $J$21:$J$43))/SUMPRODUCT((LEFT(G21:G43, 5)="Scoop") / (COUNTIF(G21:G43, G21:G43 & "") + (G21:G43=""))) -> 0.041666667 | H72: =+G72*24/($G$70*24) -> 0.2
E73: Promedio M3/Turno | G73: =+SUM(W21:W43)*D71/D70 -> 294 | H73: =+G73/G71 -> 1.176
G74: M3 | H74: % Cumplimiento
F75: Scoop 1 | G75: =SUMIF($G$21:$G$43, +F75,$W$21:$W$43)*$D$71 -> 294 | H75: =+G75/$G$71 -> 1.176
F76: Scoop 2 | G76: =SUMIF($G$21:$G$43, +F76,$W$21:$W$43)*$D$71 -> 0 | H76: =+G76/$G$71 -> 0
F77: Scoop 3 | G77: =SUMIF($G$21:$G$43, +F77,$W$21:$W$43)*$D$71 -> 0 | H77: =+G77/$G$71 -> 0
F78: Scoop 4 | G78: =SUMIF($G$21:$G$43, +F78,$W$21:$W$43)*$D$71 -> 0 | H78: =+G78/$G$71 -> 0
F79: Scoop 5 | G79: =SUMIF($G$21:$G$43, +F79,$W$21:$W$43)*$D$71 -> 0 | H79: =+G79/$G$71 -> 0
F80: Scoop 6 | G80: =SUMIF($G$21:$G$43, +F80,$W$21:$W$43)*$D$71 -> 0 | H80: =+G80/$G$71 -> 0
F81: Total | G81: =+SUM(G75:G80) -> 294 | H81: =+G81/$G$71 -> 1.176
C83: KPI de Control Roboshot/Mixer
C84: Cantidad de Roboshot | D84: =SUMPRODUCT((LEFT(G21:G43, 8)="Roboshot") / (COUNTIF(G21:G43, G21:G43 & "") + (G21:G43=""))) -> 0 | E84: Meta Horas Efectivas | G84: 0.20833333
E85: Meta M3 Turno (Promedio) | G85: 12 | H85: % Cumplimiento
G87: M3 | H87: % Cumplimiento
F88: Roboshot 1 | G88: =SUMIF($G$21:$G$43, +F88,$X$21:$X$43) -> 0 | H88: =+G88/$G$85 -> 0
F89: Roboshot 2 | G89: =SUMIF($G$21:$G$43, +F89,$X$21:$X$43) -> 0 | H89: =+G89/$G$85 -> 0
F90: Roboshot 3 | G90: =SUMIF($G$21:$G$43, +F90,$X$21:$X$43) -> 0 | H90: =+G90/$G$85 -> 0
F91: Total | G91: =+SUM(G88:G90) -> 0 | H91: =+G91/$G$85 -> 0

Sheet 01-07 A
S1: CODIGO:
E2: SISTEMA DE GESTION INTEGRADO
E3: REPORTE DIARIO DE ACTIVIDADES DEL TURNO | S3: REV. 0
S4: FECHA:
C6: Fecha: | K6: Promedio HH.EE Cuadrillas Mineria | M6: =+G37 -> #DIV/0!
C7: Turno: | K7: Cumplimiento Actividades | M7: =+H39 -> 0.6254717
C8: Jefe de Turno: | J8: Resumen | K8: Total MLB | M8: =+G57 -> 251
C9: Grupo: | J9: de KPI | K9: Total M3 Marina | M9: =+G71 -> 857.5
K10: Total M3 Shotcrete | M10: =+G81 -> 0
K11: Total Avance en Ciclo Minero | M11: =+#REF! -> #REF!
K12: Total Dotación Turno | M12: =+SUM(D15:D16,D17:D18,K15:K16,K17:K18,P15:P16,P17:P18) -> 63
B14: DOTACION
B15: Minería | C15: Trabajadores | D15: 10 | H15: Electricistas | J15: Trabajadores | K15: 10 | N15: Mecánicos | O15: Trabajadores | P15: 10
C16: Supervisores | D16: 2 | J16: Supervisores | K16: 2 | O16: Supervisores | P16: 2
B17: OO.CC | C17: Trabajadores | D17: 8 | H17: Servicios | J17: Trabajadores | K17: 8 | N17: Subcontratos | O17: Trabajadores | P17: 8
C18: Supervisores | D18: 1 | J18: Supervisores | K18: 1 | O18: Supervisores | P18: 1
B19: Frente | D19: Frente Galeria Auxiliar
B20: NIVEL | C20: POSTURA | D20: ACTIVIDAD | E20: DISCIPLINA | F20: RECURSO (CUADRILLA) | G20: EQUIPO ASIGNADO | H20: HORA INICIO | I20: HORA TERMINO | J20: DURACIÓN ACTIVIDAD | K20: CANTIDAD REALIZADA (Pernos, Malla, Shotcrete, Baldadas, Tiros, etc) | L20: UNIDAD | M20: LARGO PERFORACIÓN (m) (Actividades Jumbos) | N20: % AVANCE DE LA ACTIVIDAD | O20: DETALLE DE LA ACTIVIDAD | P20: PERDIDAS OPERACIONALES (PO) | Q20: HORA INICIO | R20: HORA TERMINO | S20: DURACIÓN INTERFERENCIA | U20: PONDERACIÓN CICLO | V20: MLB | W20: Baldadas | X20: Shotcrete
C21: =+Datos!R2 -> Ciclo Minero 10,0 x 7,2 m Galería Inyección Principal | D21: Gestión de Sitio | E21: Minería | F21: G2-3700 | G21: MT1 | H21: 0.40625 | I21: 0.51041667 | J21: =I21-H21 -> 0.10416667 | K21: 0 | M21: 0 | N21: 0 | S21: =+MOD(R21-Q21,1) -> 0 | U21: =+IFERROR(VLOOKUP(D21,Datos!$R$24:$T$40,3,FALSE), "0") -> 0 | V21: =IF(OR(D21="Perforación de Fortificación", D21="Perforación de Avance", D21="Perforación Desquinche"), K21*M21, "") | W21: =IF(D21="Extracción de Marina Disparo",K21,"") | X21: =IF(OR(D21="Shotcrete", D21="Pre Shotcrete"), K21, "")
C22: =+C21 -> Ciclo Minero 10,0 x 7,2 m Galería Inyección Principal | D22: Extracción de Marina Disparo | F22: O1 | G22: Scoop 1 | H22: 0.52083333 | I22: 0.58333333 | J22: =I22-H22 -> 0.0625 | K22: =50*3.5 -> 175 | L22: m³ | M22: 0 | N22: 0.85 | P22: Scoop F/S | Q22: 0.58333333 | S22: =+MOD(R22-Q22,1) -> 0.41666667 | U22: =+IFERROR(VLOOKUP(D22,Datos!$R$24:$T$40,3,FALSE), "0") -> 0.17399804 | V22: =IF(OR(D22="Perforación de Fortificación", D22="Perforación de Avance", D22="Perforación Desquinche"), K22*M22, "") | W22: =IF(D22="Extracción de Marina Disparo",K22,"") -> 175 | X22: =IF(OR(D22="Shotcrete", D22="Pre Shotcrete"), K22, "")
C23: =+C22 -> Ciclo Minero 10,0 x 7,2 m Galería Inyección Principal | D23: Topografía | H23: 0.625 | I23: 0.67361111 | J23: =I23-H23 -> 0.048611111 | K23: 0 | M23: 0 | N23: 1 | S23: =+MOD(R23-Q23,1) -> 0 | U23: =+IFERROR(VLOOKUP(D23,Datos!$R$24:$T$40,3,FALSE), "0") -> 0.041055718 | V23: =IF(OR(D23="Perforación de Fortificación", D23="Perforación de Avance", D23="Perforación Desquinche"), K23*M23, "") | W23: =IF(D23="Extracción de Marina Disparo",K23,"") | X23: =IF(OR(D23="Shotcrete", D23="Pre Shotcrete"), K23, "")
C24: =+C23 -> Ciclo Minero 10,0 x 7,2 m Galería Inyección Principal | D24: Perforación de Fortificación | F24: O10 | G24: Jumbo 1 | H24: 0.67361111 | I24: 0.76736111 | J24: =I24-H24 -> 0.09375 | K24: 13 | L24: Pernos | M24: 3 | N24: 1 | S24: =+MOD(R24-Q24,1) -> 0 | U24: =+IFERROR(VLOOKUP(D24,Datos!$R$24:$T$40,3,FALSE), "0") -> 0.0742913 | V24: =IF(OR(D24="Perforación de Fortificación", D24="Perforación de Avance", D24="Perforación Desquinche"), K24*M24, "") -> 39 | W24: =IF(D24="Extracción de Marina Disparo",K24,"") | X24: =IF(OR(D24="Shotcrete", D24="Pre Shotcrete"), K24, "")
C25: =+C24 -> Ciclo Minero 10,0 x 7,2 m Galería Inyección Principal | J25: =SUM(J21:J24) -> 0.30902778 | S25: =+MOD(R25-Q25,1) -> 0 | U25: =+IFERROR(VLOOKUP(D25,Datos!$R$24:$T$40,3,FALSE), "0") -> 0 | V25: =IF(OR(D25="Perforación de Fortificación", D25="Perforación de Avance", D25="Perforación Desquinche"), K25*M25, "") | W25: =IF(D25="Extracción de Marina Disparo",K25,"") | X25: =IF(OR(D25="Shotcrete", D25="Pre Shotcrete"), K25, "")
C26: =+C25 -> Ciclo Minero 10,0 x 7,2 m Galería Inyección Principal | S26: =+MOD(R26-Q26,1) -> 0 | U26: =+IFERROR(VLOOKUP(D26,Datos!$R$24:$T$40,3,FALSE), "0") -> 0 | V26: =IF(OR(D26="Perforación de Fortificación", D26="Perforación de Avance", D26="Perforación Desquinche"), K26*M26, "") | W26: =IF(D26="Extracción de Marina Disparo",K26,"") | X26: =IF(OR(D26="Shotcrete", D26="Pre Shotcrete"), K26, "")
D27: Gal. Inyec. Sur nodo 3500
B28: NIVEL | C28: POSTURA | D28: ACTIVIDAD | E28: DISCIPLINA | F28: RECURSO (CUADRILLA) | G28: EQUIPO ASIGNADO | H28: HORA INICIO | I28: HORA TERMINO | J28: DURACIÓN ACTIVIDAD | K28: CANTIDAD REALIZADA (Pernos, Malla, Shotcrete, Baldadas, Tiros, etc) | L28: UNIDAD | M28: LARGO PERFORACIÓN (m) (Actividades Jumbos) | N28: % AVANCE DE LA ACTIVIDAD | O28: DETALLE DE LA ACTIVIDAD | P28: INTERFERENCIAS REGISTRADAS | Q28: HORA INICIO | R28: HORA TERMINO | S28: DURACIÓN INTERFERENCIA | U28: PONDERACIÓN CICLO | V28: MLB | W28: Baldadas | X28: Baldadas
C29: =+Datos!R23 -> Ciclo Minero 5,2 x 5,6 m Galería Acceso Portal de Servicio | D29: Gestión de Sitio | H29: 0.375 | I29: 0.41666667 | J29: =I29-H29 -> 0.041666667 | M29: - | S29: =+MOD(R29-Q29,1) -> 0 | U29: =+IFERROR(VLOOKUP(D29,Datos!$R$3:$T$20,3,FALSE), "0") -> 0 | V29: =IF(OR(D29="Perforación de Fortificación", D29="Perforación de Avance", D29="Perforación Desquinche"), K29*M29, "") | W29: =IF(D29="Extracción de Marina Disparo",K29,"") | X29: =IF(OR(D29="Shotcrete", D29="Pre Shotcrete"), K29, "")
C30: =+C29 -> Ciclo Minero 5,2 x 5,6 m Galería Acceso Portal de Servicio | D30: Perforación de Fortificación | F30: G2-3500 | G30: Jumbo 1 | H30: 0.41666667 | I30: 0.51388889 | J30: =I30-H30 -> 0.097222222 | K30: 53 | L30: Pernos | M30: 4 | N30: 1 | S30: =+MOD(R30-Q30,1) -> 0 | U30: =+IFERROR(VLOOKUP(D30,Datos!$R$3:$T$20,3,FALSE), "0") -> 0.086138049 | V30: =IF(OR(D30="Perforación de Fortificación", D30="Perforación de Avance", D30="Perforación Desquinche"), K30*M30, "") -> 212 | W30: =IF(D30="Extracción de Marina Disparo",K30,"") | X30: =IF(OR(D30="Shotcrete", D30="Pre Shotcrete"), K30, "")
C31: =+C30 -> Ciclo Minero 5,2 x 5,6 m Galería Acceso Portal de Servicio | D31: Lechado de Pernos | F31: G2-3500 | G31: MT1 | H31: 0.51388889 | I31: 0.55555556 | J31: =I31-H31 -> 0.041666667 | K31: 8 | L31: Tiros | M31: 4 | N31: =+K31/$K$30 -> 0.1509434 | S31: =+MOD(R31-Q31,1) -> 0 | U31: =+IFERROR(VLOOKUP(D31,Datos!$R$3:$T$20,3,FALSE), "0") -> 0.1779806 | V31: =IF(OR(D31="Perforación de Fortificación", D31="Perforación de Avance", D31="Perforación Desquinche"), K31*M31, "") | W31: =IF(D31="Extracción de Marina Disparo",K31,"") | X31: =IF(OR(D31="Shotcrete", D31="Pre Shotcrete"), K31, "")
C32: =+C31 -> Ciclo Minero 5,2 x 5,6 m Galería Acceso Portal de Servicio | D32: Lechado de Pernos | F32: G2-3500 | G32: MT1 | H32: 0.63888889 | I32: 0.76388889 | J32: =I32-H32 -> 0.125 | K32: 20 | L32: Tiros | M32: 4 | N32: =+K32/$K$30 -> 0.37735849 | S32: =+MOD(R32-Q32,1) -> 0 | U32: =+IFERROR(VLOOKUP(D32,Datos!$R$3:$T$20,3,FALSE), "0") -> 0.1779806 | V32: =IF(OR(D32="Perforación de Fortificación", D32="Perforación de Avance", D32="Perforación Desquinche"), K32*M32, "") | W32: =IF(D32="Extracción de Marina Disparo",K32,"") | X32: =IF(OR(D32="Shotcrete", D32="Pre Shotcrete"), K32, "")
C33: =+#REF! -> #REF! | J33: =SUM(J29:J32) -> 0.30555556 | S33: =+MOD(R33-Q33,1) -> 0 | U33: =+IFERROR(VLOOKUP(D33,Datos!$R$3:$T$20,3,FALSE), "0") -> 0 | V33: =IF(OR(D33="Perforación de Fortificación", D33="Perforación de Avance", D33="Perforación Desquinche"), K33*M33, "") | W33: =IF(D33="Extracción de Marina Disparo",K33,"") | X33: =IF(OR(D33="Shotcrete", D33="Pre Shotcrete"), K33, "")
C35: KPI de Control Cuadrillas | G35: 3700 | I35: 3500
C36: Cantidad de Cuadrillas Mineras | D36: =SUMPRODUCT((LEFT(F21:F33, 1)="C") / (COUNTIF(F21:F33, F21:F33 & "") + (F21:F33=""))) -> 0 | E36: Meta Horas Efectivas | G36: 0.27083333 | H36: % Cumplimiento | I36: 0.27083333 | J36: % Cumplimiento
C37: Cantidad de Cuadrillas OO.CC | D37: =SUMPRODUCT((LEFT(F21:F33, 1)="O") / (COUNTIF(F21:F33, F21:F33 & "") + (F21:F33=""))) -> 2 | E37: Horas Efectivas Cuadrillas Mineras (Promedio) | G37: =+SUM(SUMIF($F$21:$F$33, "C*", $J$21:$J$33))/SUMPRODUCT((LEFT(F21:F33, 1)="C") / (COUNTIF(F21:F33, F21:F33 & "") + (F21:F33=""))) -> #DIV/0! | H37: =+G37*24/($G$36*24) -> #DIV/0! | I37: =+SUM(SUMIF($F$21:$F$33, "C*", $J$21:$J$33))/SUMPRODUCT((LEFT(H21:H33, 1)="C") / (COUNTIF(H21:H33, H21:H33 & "") + (H21:H33=""))) -> #DIV/0! | J37: =+I37*24/($G$36*24) -> #DIV/0!
E38: Horas Efectivas Cuadrillas OO.CC (Promedio) | G38: =+SUM(SUMIF($F$21:$F$33, "o*", $J$21:$J$33)) -> 0.15625 | H38: =+G38*24/($G$36*24) -> 0.57692308 | I38: =+SUM(SUMIF($F$21:$F$33, "o*", $J$21:$J$33)) -> 0.15625 | J38: =+I38*24/($G$36*24) -> 0.57692308
E39: % Cumplimiento de Actividades | H39: =+AVERAGE(N21:N33) -> 0.6254717 | J39: =+AVERAGE(P21:P33) -> #DIV/0!
I41: Avance Venta | K41: Valor Metro Lineal ($/m) | M41: Av. Disp. | O41: HH unitaria | P41: HH total
E42: % Av. 3700 | H42: =SUMPRODUCT(N21:N27 * U21:U27 * (N21:N27<>"") * (U21:U27<>"")) -> 0.26324536 | I42: =+H42*$K$42*$M$42 -> 5.9419742 | K42: 6.6 | M42: 3.42 | O42: 56.080976 | P42: =+O42*M42*H42 -> 50.489653
E43: % Av. 3500 | H43: =+SUMPRODUCT(N29:N33 * U29:U33 * (N29:N33<>"") * (U29:U33<>"")) -> 0.18016554 | I43: =+H43*$K$43*$M$43 -> 7.2707605 | K43: 11.8 | M43: 3.42 | O43: 118.52056 | P43: =+O43*M43*H43 -> 73.028353
P44: =SUM(P41:P43) -> 123.51801
C45: KPI de Control Jumbos
C46: Cantidad de Jumbos | D46: =SUMPRODUCT((LEFT(G21:G33, 5)="Jumbo") / (COUNTIF(G21:G33, G21:G33 & "") + (G21:G33=""))) -> 1 | E46: Meta Horas Efectivas | G46: 0.20833333
E47: Meta MLB Turno (Promedio) | G47: =15000/(60) -> 250 | H47: % Cumpl
E48: Horas Efectivas Jumbos (Promedio) | G48: =+SUM(SUMIF($G$21:$G$33, "Jumbo*", $J$21:$J$33))/SUMPRODUCT((LEFT(G21:G33, 5)="Jumbo") / (COUNTIF(G21:G33, G21:G33 & "") + (G21:G33=""))) -> 0.19097222 | H48: =+G48*24/($G$46*24) -> 0.91666667
E49: Promedio MLB/Turno | G49: =+SUM(V21:V33)/D46 -> 251 | H49: =+G49/G47 -> 1.004
G50: MLB | H50: % Cumplimiento
F51: Jumbo 1 | G51: =SUMIF($G$21:$G$33, +F51,$V$21:$V$33) -> 251 | H51: =+G51/$G$47 -> 1.004
F52: Jumbo 2 | G52: =SUMIF($G$21:$G$33, +F52,$V$21:$V$33) -> 0 | H52: =+G52/$G$47 -> 0
F53: Jumbo 3 | G53: =SUMIF($G$21:$G$33, +F53,$V$21:$V$33) -> 0 | H53: =+G53/$G$47 -> 0
F54: Jumbo 4 | G54: =SUMIF($G$21:$G$33, +F54,$V$21:$V$33) -> 0 | H54: =+G54/$G$47 -> 0
F55: Jumbo 5 | G55: =SUMIF($G$21:$G$33, +F55,$V$21:$V$33) -> 0 | H55: =+G55/$G$47 -> 0
F56: Jumbo 6 | G56: =SUMIF($G$21:$G$33, +F56,$V$21:$V$33) -> 0 | H56: =+G56/$G$47 -> 0
F57: Total | G57: =+SUM(G51:G56) -> 251 | H57: =+G57/($G$47*$D$46) -> 1.004
C59: KPI de Control Scoop
C60: Cantidad de Scoop | D60: =SUMPRODUCT((LEFT(G21:G33, 5)="Scoop") / (COUNTIF(G21:G33, G21:G33 & "") + (G21:G33=""))) -> 1 | E60: Meta Horas Efectivas | G60: 0.20833333
C61: Capacidad Balde (m3) | D61: 4.9 | E61: Meta M3 Turno (Promedio) | G61: =15000/(60) -> 250 | H61: % Cumplimiento
E62: Horas Efectivas Scoop (Promedio) | G62: =+SUM(SUMIF($G$21:$G$33, "Scoop*", $J$21:$J$33))/SUMPRODUCT((LEFT(G21:G33, 5)="Scoop") / (COUNTIF(G21:G33, G21:G33 & "") + (G21:G33=""))) -> 0.0625 | H62: =+G62*24/($G$60*24) -> 0.3
E63: Promedio M3/Turno | G63: =+SUM(W21:W33)*D61/D60 -> 857.5 | H63: =+G63/G61 -> 3.43
G64: M3 | H64: % Cumplimiento
F65: Scoop 1 | G65: =SUMIF($G$21:$G$33, +F65,$W$21:$W$33)*$D$61 -> 857.5 | H65: =+G65/$G$61 -> 3.43
F66: Scoop 2 | G66: =SUMIF($G$21:$G$33, +F66,$W$21:$W$33)*$D$61 -> 0 | H66: =+G66/$G$61 -> 0
F67: Scoop 3 | G67: =SUMIF($G$21:$G$33, +F67,$W$21:$W$33)*$D$61 -> 0 | H67: =+G67/$G$61 -> 0
F68: Scoop 4 | G68: =SUMIF($G$21:$G$33, +F68,$W$21:$W$33)*$D$61 -> 0 | H68: =+G68/$G$61 -> 0
F69: Scoop 5 | G69: =SUMIF($G$21:$G$33, +F69,$W$21:$W$33)*$D$61 -> 0 | H69: =+G69/$G$61 -> 0
F70: Scoop 6 | G70: =SUMIF($G$21:$G$33, +F70,$W$21:$W$33)*$D$61 -> 0 | H70: =+G70/$G$61 -> 0
F71: Total | G71: =+SUM(G65:G70) -> 857.5 | H71: =+G71/$G$61 -> 3.43
C73: KPI de Control Roboshot/Mixer
C74: Cantidad de Roboshot | D74: =SUMPRODUCT((LEFT(G21:G33, 8)="Roboshot") / (COUNTIF(G21:G33, G21:G33 & "") + (G21:G33=""))) -> 0 | E74: Meta Horas Efectivas | G74: 0.20833333
E75: Meta M3 Turno (Promedio) | G75: 12 | H75: % Cumplimiento
G77: M3 | H77: % Cumplimiento
F78: Roboshot 1 | G78: =SUMIF($G$21:$G$33, +F78,$X$21:$X$33) -> 0 | H78: =+G78/$G$75 -> 0
F79: Roboshot 2 | G79: =SUMIF($G$21:$G$33, +F79,$X$21:$X$33) -> 0 | H79: =+G79/$G$75 -> 0
F80: Roboshot 3 | G80: =SUMIF($G$21:$G$33, +F80,$X$21:$X$33) -> 0 | H80: =+G80/$G$75 -> 0
F81: Total | G81: =+SUM(G78:G80) -> 0 | H81: =+G81/$G$75 -> 0

Sheet 01-07 B
S1: CODIGO:
E2: SISTEMA DE GESTION INTEGRADO
E3: REPORTE DIARIO DE ACTIVIDADES DEL TURNO | S3: REV. 0
S4: FECHA:
C6: Fecha: | K6: Promedio HH.EE Cuadrillas Mineria | M6: =+G33 -> #DIV/0!
C7: Turno: | K7: Cumplimiento Actividades | M7: =+H35 -> 1
C8: Jefe de Turno: | J8: Resumen | K8: Total MLB | M8: =+G54 -> 60
C9: Grupo: | J9: de KPI | K9: Total M3 Marina | M9: =+G68 -> 205.8
K10: Total M3 Shotcrete | M10: =+G78 -> 0
K11: Total Avance en Ciclo Minero | M11: =+#REF! -> #REF!
K12: Total Dotación Turno | M12: =+SUM(D15:D16,D17:D18,K15:K16,K17:K18,P15:P16,P17:P18) -> 63
B14: DOTACION
B15: Minería | C15: Trabajadores | D15: 10 | H15: Electricistas | J15: Trabajadores | K15: 10 | N15: Mecánicos | O15: Trabajadores | P15: 10
C16: Supervisores | D16: 2 | J16: Supervisores | K16: 2 | O16: Supervisores | P16: 2
B17: OO.CC | C17: Trabajadores | D17: 8 | H17: Servicios | J17: Trabajadores | K17: 8 | N17: Subcontratos | O17: Trabajadores | P17: 8
C18: Supervisores | D18: 1 | J18: Supervisores | K18: 1 | O18: Supervisores | P18: 1
B19: Frente | D19: Gal. Inyec. Sur nodo 3500
B20: NIVEL | C20: POSTURA | D20: ACTIVIDAD | E20: DISCIPLINA | F20: RECURSO (CUADRILLA) | G20: EQUIPO ASIGNADO | H20: HORA INICIO | I20: HORA TERMINO | J20: DURACIÓN ACTIVIDAD | K20: CANTIDAD REALIZADA (Pernos, Malla, Shotcrete, Baldadas, Tiros, etc) | L20: UNIDAD | M20: LARGO PERFORACIÓN (m) (Actividades Jumbos) | N20: % AVANCE DE LA ACTIVIDAD | O20: DETALLE DE LA ACTIVIDAD | P20: PERDIDAS OPERACIONALES (PO) | Q20: HORA INICIO | R20: HORA TERMINO | S20: DURACIÓN INTERFERENCIA | U20: PONDERACIÓN CICLO | V20: MLB | W20: Baldadas | X20: Shotcrete
C21: =+Datos!R2 -> Ciclo Minero 10,0 x 7,2 m Galería Inyección Principal | D21: Lechado de Pernos | F21: G1-3500 | G21: MT1 | H21: 0.91666667 | I21: 0.03125 | J21: 0.11458333 | K21: 27 | L21: Pernos | M21: 4 | N21: 1 | S21: =+MOD(R21-Q21,1) -> 0 | U21: =+IFERROR(VLOOKUP(D21,Datos!$R$3:$T$19,3,FALSE), "0") -> 0.1779806 | V21: =IF(OR(D21="Perforación de Fortificación", D21="Perforación de Avance", D21="Perforación Desquinche"), K21*M21, "") | W21: =IF(D21="Extracción de Marina Disparo",K21,"") | X21: =IF(OR(D21="Shotcrete", D21="Pre Shotcrete"), K21, "")
C22: =+C21 -> Ciclo Minero 10,0 x 7,2 m Galería Inyección Principal | D22: Instalación de Malla | F22: G1-3500 | G22: MT1 | H22: 0.125 | I22: 0.25 | J22: =I22-H22 -> 0.125 | K22: 150 | L22: m² | M22: 0 | N22: 1 | S22: =+MOD(R22-Q22,1) -> 0 | U22: =+IFERROR(VLOOKUP(D22,Datos!$R$3:$T$19,3,FALSE), "0") -> 0.068454079 | V22: =IF(OR(D22="Perforación de Fortificación", D22="Perforación de Avance", D22="Perforación Desquinche"), K22*M22, "") | W22: =IF(D22="Extracción de Marina Disparo",K22,"") | X22: =IF(OR(D22="Shotcrete", D22="Pre Shotcrete"), K22, "")
C23: =+C22 -> Ciclo Minero 10,0 x 7,2 m Galería Inyección Principal | D23: Extracción de Marina Disparo | F23: G1-3500 | G23: Scoop 1 | K23: 42 | L23: m³ | M23: 0 | N23: 1 | S23: =+MOD(R23-Q23,1) -> 0 | U23: =+IFERROR(VLOOKUP(D23,Datos!$R$3:$T$19,3,FALSE), "0") -> 0.22475756 | V23: =IF(OR(D23="Perforación de Fortificación", D23="Perforación de Avance", D23="Perforación Desquinche"), K23*M23, "") | W23: =IF(D23="Extracción de Marina Disparo",K23,"") -> 42 | X23: =IF(OR(D23="Shotcrete", D23="Pre Shotcrete"), K23, "")
C24: =+C23 -> Ciclo Minero 10,0 x 7,2 m Galería Inyección Principal | J24: =SUM(J21:J23) -> 0.23958333 | X24: =IF(OR(D24="Shotcrete", D24="Pre Shotcrete"), K24, "")
D25: Portal auxilizar nodo 3700
B26: NIVEL | C26: POSTURA | D26: ACTIVIDAD | E26: DISCIPLINA | F26: RECURSO (CUADRILLA) | G26: EQUIPO ASIGNADO | H26: HORA INICIO | I26: HORA TERMINO | J26: DURACIÓN ACTIVIDAD | K26: CANTIDAD REALIZADA (Pernos, Malla, Shotcrete, Baldadas, Tiros, etc) | L26: UNIDAD | M26: LARGO PERFORACIÓN (m) (Actividades Jumbos) | N26: % AVANCE DE LA ACTIVIDAD | O26: DETALLE DE LA ACTIVIDAD | P26: INTERFERENCIAS REGISTRADAS | Q26: HORA INICIO | R26: HORA TERMINO | S26: DURACIÓN INTERFERENCIA | U26: PONDERACIÓN CICLO | V26: MLB | W26: Baldadas | X26: Baldadas
C27: =+#REF! -> #REF! | D27: Perforación de Fortificación | F27: G1-3700 | G27: Jumbo 1 | H27: 0.95833333 | I27: 0.069444444 | J27: 0.11111111 | K27: 20 | L27: Pernos | M27: 3 | N27: 1 | S27: =+MOD(R27-Q27,1) -> 0 | U27: =+IFERROR(VLOOKUP(D27,Datos!$R$24:$T$40,3,FALSE), "0") -> 0.0742913 | V27: =IF(OR(D27="Perforación de Fortificación", D27="Perforación de Avance", D27="Perforación Desquinche"), K27*M27, "") -> 60 | W27: =IF(D27="Extracción de Marina Disparo",K27,"") | X27: =IF(OR(D27="Shotcrete", D27="Pre Shotcrete"), K27, "")
C28: =+C27 -> #REF! | D28: Lechado de Pernos | F28: G1-3700 | G28: MT1 | H28: 0.083333333 | I28: 0.10416667 | J28: =I28-H28 -> 0.020833333 | K28: 0 | M28: 0 | N28: 1 | S28: =+MOD(R28-Q28,1) -> 0 | U28: =+IFERROR(VLOOKUP(D28,Datos!$R$24:$T$40,3,FALSE), "0") -> 0.14662757 | V28: =IF(OR(D28="Perforación de Fortificación", D28="Perforación de Avance", D28="Perforación Desquinche"), K28*M28, "") | W28: =IF(D28="Extracción de Marina Disparo",K28,"") | X28: =IF(OR(D28="Shotcrete", D28="Pre Shotcrete"), K28, "")
C29: =+C28 -> #REF! | D29: Lechado de Pernos | F29: G1-3700 | G29: MT1 | H29: 0.16666667 | I29: 0.26041667 | J29: =I29-H29 -> 0.09375 | K29: 20 | L29: Pernos | M29: 3 | N29: 1 | S29: =+MOD(R29-Q29,1) -> 0 | U29: =+IFERROR(VLOOKUP(D29,Datos!$R$24:$T$40,3,FALSE), "0") -> 0.14662757 | V29: =IF(OR(D29="Perforación de Fortificación", D29="Perforación de Avance", D29="Perforación Desquinche"), K29*M29, "") | W29: =IF(D29="Extracción de Marina Disparo",K29,"") | X29: =IF(OR(D29="Shotcrete", D29="Pre Shotcrete"), K29, "")
J30: =SUM(J27:J29) -> 0.22569444
C31: KPI de Control Cuadrillas
C32: Cantidad de Cuadrillas Mineras | D32: =SUMPRODUCT((LEFT(F21:F29, 1)="C") / (COUNTIF(F21:F29, F21:F29 & "") + (F21:F29=""))) -> 0 | E32: Meta Horas Efectivas | G32: 0.27083333 | H32: % Cumplimiento
C33: Cantidad de Cuadrillas OO.CC | D33: =SUMPRODUCT((LEFT(F21:F29, 1)="O") / (COUNTIF(F21:F29, F21:F29 & "") + (F21:F29=""))) -> 0 | E33: Horas Efectivas Cuadrillas Mineras (Promedio) | G33: =+SUM(SUMIF($F$21:$F$29, "C*", $J$21:$J$29))/SUMPRODUCT((LEFT(F21:F29, 1)="C") / (COUNTIF(F21:F29, F21:F29 & "") + (F21:F29=""))) -> #DIV/0! | H33: =+G33*24/($G$32*24) -> #DIV/0!
E34: Horas Efectivas Cuadrillas OO.CC (Promedio) | G34: =+SUM(SUMIF($F$21:$F$29, "o*", $J$21:$J$29)) -> 0 | H34: =+G34*24/($G$32*24) -> 0
E35: % Cumplimiento de Actividades | H35: =+AVERAGE(N21:N29) -> 1
I38: Avance Venta | K38: Valor Metro Lineal ($/m) | M38: Avance x Disparo (m) | O38: HH unitaria | P38: HH total
E39: % Av. 3700 | H39: =SUMPRODUCT(N21:N24 * U21:U24 * (N21:N24<>"") * (U21:U24<>"")) -> 0.47119224 | I39: =+H39*$K$39*$M$39 -> 10.635751 | K39: 6.6 | M39: 3.42 | O39: 56.080976 | P39: =+O39*M39*H39 -> 90.373229
E40: % Av. 3500 | H40: =+SUMPRODUCT(N27:N29 * U27:U29 * (N27:N29<>"") * (U27:U29<>"")) -> 0.36754643 | I40: =+H40*$K$40*$M$39 -> 14.832704 | K40: 11.8 | M40: 3.42 | O40: 118.52056 | P40: =+O40*M40*H40 -> 148.98138
P41: =SUM(P38:P40) -> 239.35461
C42: KPI de Control Jumbos
C43: Cantidad de Jumbos | D43: =SUMPRODUCT((LEFT(G21:G29, 5)="Jumbo") / (COUNTIF(G21:G29, G21:G29 & "") + (G21:G29=""))) -> 1 | E43: Meta Horas Efectivas | G43: 0.20833333
E44: Meta MLB Turno (Promedio) | G44: =15000/(60) -> 250 | H44: % Cumpl
E45: Horas Efectivas Jumbos (Promedio) | G45: =+SUM(SUMIF($G$21:$G$29, "Jumbo*", $J$21:$J$29))/SUMPRODUCT((LEFT(G21:G29, 5)="Jumbo") / (COUNTIF(G21:G29, G21:G29 & "") + (G21:G29=""))) -> 0.11111111 | H45: =+G45*24/($G$43*24) -> 0.53333333
E46: Promedio MLB/Turno | G46: =+SUM(V21:V29)/D43 -> 60 | H46: =+G46/G44 -> 0.24 | P46: =+P44+'01-07 B'!P41 -> 239.35461
G47: MLB | H47: % Cumplimiento
F48: Jumbo 1 | G48: =SUMIF($G$21:$G$29, +F48,$V$21:$V$29) -> 60 | H48: =+G48/$G$44 -> 0.24
F49: Jumbo 2 | G49: =SUMIF($G$21:$G$29, +F49,$V$21:$V$29) -> 0 | H49: =+G49/$G$44 -> 0
F50: Jumbo 3 | G50: =SUMIF($G$21:$G$29, +F50,$V$21:$V$29) -> 0 | H50: =+G50/$G$44 -> 0
F51: Jumbo 4 | G51: =SUMIF($G$21:$G$29, +F51,$V$21:$V$29) -> 0 | H51: =+G51/$G$44 -> 0
F52: Jumbo 5 | G52: =SUMIF($G$21:$G$29, +F52,$V$21:$V$29) -> 0 | H52: =+G52/$G$44 -> 0
F53: Jumbo 6 | G53: =SUMIF($G$21:$G$29, +F53,$V$21:$V$29) -> 0 | H53: =+G53/$G$44 -> 0
F54: Total | G54: =+SUM(G48:G53) -> 60 | H54: =+G54/($G$44*$D$43) -> 0.24
C56: KPI de Control Scoop
C57: Cantidad de Scoop | D57: =SUMPRODUCT((LEFT(G21:G29, 5)="Scoop") / (COUNTIF(G21:G29, G21:G29 & "") + (G21:G29=""))) -> 1 | E57: Meta Horas Efectivas | G57: 0.20833333
C58: Capacidad Balde (m3) | D58: 4.9 | E58: Meta M3 Turno (Promedio) | G58: =15000/(60) -> 250 | H58: % Cumplimiento
E59: Horas Efectivas Scoop (Promedio) | G59: =+SUM(SUMIF($G$21:$G$29, "Scoop*", $J$21:$J$29))/SUMPRODUCT((LEFT(G21:G29, 5)="Scoop") / (COUNTIF(G21:G29, G21:G29 & "") + (G21:G29=""))) -> 0 | H59: =+G59*24/($G$57*24) -> 0
E60: Promedio M3/Turno | G60: =+SUM(W21:W29)*D58/D57 -> 205.8 | H60: =+G60/G58 -> 0.8232
G61: M3 | H61: % Cumplimiento
F62: Scoop 1 | G62: =SUMIF($G$21:$G$29, +F62,$W$21:$W$29)*$D$58 -> 205.8 | H62: =+G62/$G$58 -> 0.8232
F63: Scoop 2 | G63: =SUMIF($G$21:$G$29, +F63,$W$21:$W$29)*$D$58 -> 0 | H63: =+G63/$G$58 -> 0
F64: Scoop 3 | G64: =SUMIF($G$21:$G$29, +F64,$W$21:$W$29)*$D$58 -> 0 | H64: =+G64/$G$58 -> 0
F65: Scoop 4 | G65: =SUMIF($G$21:$G$29, +F65,$W$21:$W$29)*$D$58 -> 0 | H65: =+G65/$G$58 -> 0
F66: Scoop 5 | G66: =SUMIF($G$21:$G$29, +F66,$W$21:$W$29)*$D$58 -> 0 | H66: =+G66/$G$58 -> 0
F67: Scoop 6 | G67: =SUMIF($G$21:$G$29, +F67,$W$21:$W$29)*$D$58 -> 0 | H67: =+G67/$G$58 -> 0
F68: Total | G68: =+SUM(G62:G67) -> 205.8 | H68: =+G68/$G$58 -> 0.8232
C70: KPI de Control Roboshot/Mixer
C71: Cantidad de Roboshot | D71: =SUMPRODUCT((LEFT(G21:G29, 8)="Roboshot") / (COUNTIF(G21:G29, G21:G29 & "") + (G21:G29=""))) -> 0 | E71: Meta Horas Efectivas | G71: 0.20833333
E72: Meta M3 Turno (Promedio) | G72: 12 | H72: % Cumplimiento
G74: M3 | H74: % Cumplimiento
F75: Roboshot 1 | G75: =SUMIF($G$21:$G$29, +F75,$X$21:$X$29) -> 0 | H75: =+G75/$G$72 -> 0
F76: Roboshot 2 | G76: =SUMIF($G$21:$G$29, +F76,$X$21:$X$29) -> 0 | H76: =+G76/$G$72 -> 0
F77: Roboshot 3 | G77: =SUMIF($G$21:$G$29, +F77,$X$21:$X$29) -> 0 | H77: =+G77/$G$72 -> 0
F78: Total | G78: =+SUM(G75:G77) -> 0 | H78: =+G78/$G$72 -> 0

Sheet 02-07A
S1: CODIGO:
E2: SISTEMA DE GESTION INTEGRADO
E3: REPORTE DIARIO DE ACTIVIDADES DEL TURNO | S3: REV. 0
S4: FECHA:
C6: Fecha: | K6: Promedio HH.EE Cuadrillas Mineria | M6: =+G37 -> #DIV/0!
C7: Turno: | K7: Cumplimiento Actividades | M7: =+H39 -> 0.775
C8: Jefe de Turno: | J8: Resumen | K8: Total MLB | M8: =+G57 -> 330.6
C9: Grupo: | J9: de KPI | K9: Total M3 Marina | M9: =+G71 -> 0
K10: Total M3 Shotcrete | M10: =+G81 -> 7
K11: Total Avance en Ciclo Minero | M11: =+#REF! -> #REF!
K12: Total Dotación Turno | M12: =+D15+D16+D17+D18 -> 0
B14: DOTACION
B15: Minería | C15: Trabajadores | D15: =+K15+P15 -> 0 | H15: Electricistas | J15: Trabajadores | N15: Mecánicos | O15: Trabajadores
C16: Supervisores | D16: =+K16+P16 -> 0 | J16: Supervisores | O16: Supervisores
B17: OO.CC | C17: Trabajadores | D17: =+K17+P17 -> 0 | H17: Servicios | J17: Trabajadores | N17: Subcontratos | O17: Trabajadores
C18: Supervisores | D18: =+K18+P18 -> 0 | J18: Supervisores | O18: Supervisores
B19: Frente | C19: Gal. Inyec. Sur nodo 3500
B20: NIVEL | C20: POSTURA | D20: ACTIVIDAD | E20: DISCIPLINA | F20: RECURSO (CUADRILLA) | G20: EQUIPO ASIGNADO | H20: HORA INICIO | I20: HORA TERMINO | J20: DURACIÓN ACTIVIDAD | K20: CANTIDAD REALIZADA (Pernos, Malla, Shotcrete, Baldadas, Tiros, etc) | L20: UNIDAD | M20: LARGO PERFORACIÓN (m) (Actividades Jumbos) | N20: % AVANCE DE LA ACTIVIDAD | O20: DETALLE DE LA ACTIVIDAD | P20: PERDIDAS OPERACIONALES (PO) | Q20: HORA INICIO | R20: HORA TERMINO | S20: DURACIÓN INTERFERENCIA | U20: PONDERACIÓN CICLO | V20: MLB | W20: Baldadas | X20: Shotcrete
C21: =+Datos!R2 -> Ciclo Minero 10,0 x 7,2 m Galería Inyección Principal | D21: Limpieza de Pata | E21: Minería | F21: G2-3500 | G21: Retroexcavadora 1 | H21: 0.39583333 | I21: 0.41666667 | J21: =I21-H21 -> 0.020833333 | K21: 0 | M21: 0 | N21: 0.8 | S21: =+MOD(R21-Q21,1) -> 0 | U21: =+IFERROR(VLOOKUP(D21,Datos!$R$3:$T$19,3,FALSE), "0") -> 0.0057045066 | V21: =IF(OR(D21="Perforación de Fortificación", D21="Perforación de Avance", D21="Perforación Desquinche"), K21*M21, "") | W21: =IF(D21="Extracción de Marina Disparo",K21,"") | X21: =IF(OR(D21="Shotcrete", D21="Pre Shotcrete"), K21, "")
C22: =+C21 -> Ciclo Minero 10,0 x 7,2 m Galería Inyección Principal | D22: Perforación de Avance | E22: Minería | F22: G2-3500 | G22: Jumbo 1 | H22: 0.41666667 | I22: 0.61111111 | J22: =I22-H22 -> 0.19444444 | K22: 73 | L22: Perf | M22: 3.8 | N22: 1 | S22: =+MOD(R22-Q22,1) -> 0 | U22: =+IFERROR(VLOOKUP(D22,Datos!$R$3:$T$19,3,FALSE), "0") -> 0.13519681 | V22: =IF(OR(D22="Perforación de Fortificación", D22="Perforación de Avance", D22="Perforación Desquinche"), K22*M22, "") -> 277.4 | W22: =IF(D22="Extracción de Marina Disparo",K22,"") | X22: =IF(OR(D22="Shotcrete", D22="Pre Shotcrete"), K22, "")
C23: =+C22 -> Ciclo Minero 10,0 x 7,2 m Galería Inyección Principal | D23: Limpieza de Pata | E23: Minería | F23: G2-3500 | G23: Retroexcavadora 1 | H23: 0.625 | I23: 0.64583333 | J23: =I23-H23 -> 0.020833333 | K23: 0 | M23: 0 | N23: 0.2 | S23: =+MOD(R23-Q23,1) -> 0 | U23: =+IFERROR(VLOOKUP(D23,Datos!$R$3:$T$19,3,FALSE), "0") -> 0.0057045066 | V23: =IF(OR(D23="Perforación de Fortificación", D23="Perforación de Avance", D23="Perforación Desquinche"), K23*M23, "") | W23: =IF(D23="Extracción de Marina Disparo",K23,"") | X23: =IF(OR(D23="Shotcrete", D23="Pre Shotcrete"), K23, "")
C24: =+C23 -> Ciclo Minero 10,0 x 7,2 m Galería Inyección Principal | D24: Carguío | E24: Minería | F24: G2-3500 | G24: MT1 | H24: 0.66666667 | I24: 0.6875 | J24: =I24-H24 -> 0.020833333 | K24: 73 | L24: Perf | M24: 3.8 | N24: 1 | S24: =+MOD(R24-Q24,1) -> 0 | U24: =+IFERROR(VLOOKUP(D24,Datos!$R$3:$T$19,3,FALSE), "0") -> 0 | V24: =IF(OR(D24="Perforación de Fortificación", D24="Perforación de Avance", D24="Perforación Desquinche"), K24*M24, "") | W24: =IF(D24="Extracción de Marina Disparo",K24,"") | X24: =IF(OR(D24="Shotcrete", D24="Pre Shotcrete"), K24, "")
J25: =SUM(J21:J24) -> 0.25694444 | S25: =+MOD(R25-Q25,1) -> 0 | U25: =+IFERROR(VLOOKUP(D25,Datos!$R$3:$T$19,3,FALSE), "0") -> 0 | V25: =IF(OR(D25="Perforación de Fortificación", D25="Perforación de Avance", D25="Perforación Desquinche"), K25*M25, "") | W25: =IF(D25="Extracción de Marina Disparo",K25,"") | X25: =IF(OR(D25="Shotcrete", D25="Pre Shotcrete"), K25, "")
S26: =+MOD(R26-Q26,1) -> 0 | U26: =+IFERROR(VLOOKUP(D26,Datos!$R$3:$T$19,3,FALSE), "0") -> 0 | V26: =IF(OR(D26="Perforación de Fortificación", D26="Perforación de Avance", D26="Perforación Desquinche"), K26*M26, "") | W26: =IF(D26="Extracción de Marina Disparo",K26,"") | X26: =IF(OR(D26="Shotcrete", D26="Pre Shotcrete"), K26, "")
B27: Frente | C27: Galeria Auxiliar nodo 3700
B28: NIVEL | C28: POSTURA | D28: ACTIVIDAD | E28: DISCIPLINA | F28: RECURSO (CUADRILLA) | G28: EQUIPO ASIGNADO | H28: HORA INICIO | I28: HORA TERMINO | J28: DURACIÓN ACTIVIDAD | K28: CANTIDAD REALIZADA (Pernos, Malla, Shotcrete, Baldadas, Tiros, etc) | L28: UNIDAD | M28: LARGO PERFORACIÓN (m) (Actividades Jumbos) | N28: % AVANCE DE LA ACTIVIDAD | O28: DETALLE DE LA ACTIVIDAD | P28: INTERFERENCIAS REGISTRADAS | Q28: HORA INICIO | R28: HORA TERMINO | S28: DURACIÓN INTERFERENCIA | U28: PONDERACIÓN CICLO | V28: MLB | W28: Baldadas | X28: Baldadas
C29: =+Datos!R23 -> Ciclo Minero 5,2 x 5,6 m Galería Acceso Portal de Servicio | D29: Instalación de Malla | E29: Minería | F29: G2-3700 | G29: MT2 | H29: 0.40625 | I29: 0.59722222 | J29: =I29-H29 -> 0.19097222 | K29: =14.43*3.5 -> 50.505 | L29: m² | M29: - | N29: 1 | O29: Se saca y recambia malla instalada + malla instalación ( se considera solo perimetro de avance) | S29: =+MOD(R29-Q29,1) -> 0 | U29: =+IFERROR(VLOOKUP(D29,Datos!$R$24:$T$40,3,FALSE), "0") -> 0.073313783 | V29: =IF(OR(D29="Perforación de Fortificación", D29="Perforación de Avance", D29="Perforación Desquinche"), K29*M29, "") | W29: =IF(D29="Extracción de Marina Disparo",K29,"") | X29: =IF(OR(D29="Shotcrete", D29="Pre Shotcrete"), K29, "")
C30: =+C29 -> Ciclo Minero 5,2 x 5,6 m Galería Acceso Portal de Servicio | D30: Pre Shotcrete | E30: Minería | F30: G2-3700 | G30: Roboshot 1 | H30: 0.5625 | I30: 0.60416667 | J30: =I30-H30 -> 0.041666667 | K30: 7 | L30: m³ | M30: 0 | N30: 1 | S30: =+MOD(R30-Q30,1) -> 0 | U30: =+IFERROR(VLOOKUP(D30,Datos!$R$24:$T$40,3,FALSE), "0") -> 0 | V30: =IF(OR(D30="Perforación de Fortificación", D30="Perforación de Avance", D30="Perforación Desquinche"), K30*M30, "") | W30: =IF(D30="Extracción de Marina Disparo",K30,"") | X30: =IF(OR(D30="Shotcrete", D30="Pre Shotcrete"), K30, "") -> 7
C31: =+C30 -> Ciclo Minero 5,2 x 5,6 m Galería Acceso Portal de Servicio | D31: Limpieza de Pata | E31: Minería | F31: G2-3700 | G31: Retroexcavadora 1 | H31: 0.625 | I31: 0.64583333 | J31: =I31-H31 -> 0.020833333 | N31: 1 | S31: =+MOD(R31-Q31,1) -> 0 | U31: =+IFERROR(VLOOKUP(D31,Datos!$R$24:$T$40,3,FALSE), "0") -> 0.0097751711 | V31: =IF(OR(D31="Perforación de Fortificación", D31="Perforación de Avance", D31="Perforación Desquinche"), K31*M31, "") | W31: =IF(D31="Extracción de Marina Disparo",K31,"") | X31: =IF(OR(D31="Shotcrete", D31="Pre Shotcrete"), K31, "")
C32: =+C31 -> Ciclo Minero 5,2 x 5,6 m Galería Acceso Portal de Servicio | D32: Perforación de Avance | E32: Minería | F32: G2-3700 | G32: Jumbo 1 | H32: 0.64583333 | I32: 0.66666667 | J32: =I32-H32 -> 0.020833333 | K32: =70*N32 -> 14 | L32: Tiros | M32: 3.8 | N32: 0.2 | S32: =+MOD(R32-Q32,1) -> 0 | U32: =+IFERROR(VLOOKUP(D32,Datos!$R$24:$T$40,3,FALSE), "0") -> 0.12609971 | V32: =IF(OR(D32="Perforación de Fortificación", D32="Perforación de Avance", D32="Perforación Desquinche"), K32*M32, "") -> 53.2 | W32: =IF(D32="Extracción de Marina Disparo",K32,"") | X32: =IF(OR(D32="Shotcrete", D32="Pre Shotcrete"), K32, "")
J33: =SUM(J29:J32) -> 0.27430556 | S33: =+MOD(R33-Q33,1) -> 0 | U33: =+IFERROR(VLOOKUP(D33,Datos!$R$24:$T$40,3,FALSE), "0") -> 0 | V33: =IF(OR(D33="Perforación de Fortificación", D33="Perforación de Avance", D33="Perforación Desquinche"), K33*M33, "") | W33: =IF(D33="Extracción de Marina Disparo",K33,"") | X33: =IF(OR(D33="Shotcrete", D33="Pre Shotcrete"), K33, "")
C35: KPI de Control Cuadrillas | G35: 3700 | I35: 3500
C36: Cantidad de Cuadrillas Mineras | D36: =SUMPRODUCT((LEFT(F21:F33, 1)="C") / (COUNTIF(F21:F33, F21:F33 & "") + (F21:F33=""))) -> 0 | E36: Meta Horas Efectivas | G36: 0.27083333 | H36: % Cumplimiento | I36: 0.27083333 | J36: % Cumplimiento
C37: Cantidad de Cuadrillas OO.CC | D37: =SUMPRODUCT((LEFT(F21:F33, 1)="O") / (COUNTIF(F21:F33, F21:F33 & "") + (F21:F33=""))) -> 0 | E37: Horas Efectivas Cuadrillas Mineras (Promedio) | G37: =+SUM(SUMIF($F$21:$F$33, "C*", $J$21:$J$33))/SUMPRODUCT((LEFT(F21:F33, 1)="C") / (COUNTIF(F21:F33, F21:F33 & "") + (F21:F33=""))) -> #DIV/0! | H37: =+G37*24/($G$36*24) -> #DIV/0! | I37: =+SUM(SUMIF($F$21:$F$33, "C*", $J$21:$J$33))/SUMPRODUCT((LEFT(H21:H33, 1)="C") / (COUNTIF(H21:H33, H21:H33 & "") + (H21:H33=""))) -> #DIV/0! | J37: =+I37*24/($G$36*24) -> #DIV/0!
E38: Horas Efectivas Cuadrillas OO.CC (Promedio) | G38: =+SUM(SUMIF($F$21:$F$33, "o*", $J$21:$J$33)) -> 0 | H38: =+G38*24/($G$36*24) -> 0 | I38: =+SUM(SUMIF($F$21:$F$33, "o*", $J$21:$J$33)) -> 0 | J38: =+I38*24/($G$36*24) -> 0
E39: % Cumplimiento de Actividades | H39: =+AVERAGE(N21:N33) -> 0.775 | J39: =+AVERAGE(P21:P33) -> #DIV/0!
I41: Avance Venta | K41: Valor Metro Lineal ($/m) | M41: Av. Disp. | O41: HH unitaria | P41: HH total
E42: % Av. 3700 | H42: =SUMPRODUCT(N29:N33 * U29:U33 * (N29:N33<>"") * (U29:U33<>"")) -> 0.1083089 | I42: =+H42*$K$42*$M$42 -> 2.4447484 | K42: 6.6 | M42: 3.42 | O42: 56.080976 | P42: =+O42*M42*H42 -> 20.773314
E43: % Av. 3500 | H43: =+SUMPRODUCT(N21:N25 * U21:U25 * (N21:N25<>"") * (U21:U25<>"")) -> 0.14090131 | I43: =+H43*$K$43*$M$43 -> 5.6862133 | K43: 11.8 | M43: 3.42 | O43: 118.52056 | P43: =+O43*M43*H43 -> 57.11298
P44: =SUM(P41:P43) -> 77.886294
C45: KPI de Control Jumbos
C46: Cantidad de Jumbos | D46: =SUMPRODUCT((LEFT(G21:G33, 5)="Jumbo") / (COUNTIF(G21:G33, G21:G33 & "") + (G21:G33=""))) -> 1 | E46: Meta Horas Efectivas | G46: 0.20833333
E47: Meta MLB Turno (Promedio) | G47: =15000/(60) -> 250 | H47: % Cumpl
E48: Horas Efectivas Jumbos (Promedio) | G48: =+SUM(SUMIF($G$21:$G$33, "Jumbo*", $J$21:$J$33))/SUMPRODUCT((LEFT(G21:G33, 5)="Jumbo") / (COUNTIF(G21:G33, G21:G33 & "") + (G21:G33=""))) -> 0.21527778 | H48: =+G48*24/($G$46*24) -> 1.0333333
E49: Promedio MLB/Turno | G49: =+SUM(V21:V33)/D46 -> 330.6 | H49: =+G49/G47 -> 1.3224
G50: MLB | H50: % Cumplimiento
F51: Jumbo 1 | G51: =SUMIF($G$21:$G$33, +F51,$V$21:$V$33) -> 330.6 | H51: =+G51/$G$47 -> 1.3224
F52: Jumbo 2 | G52: =SUMIF($G$21:$G$33, +F52,$V$21:$V$33) -> 0 | H52: =+G52/$G$47 -> 0
F53: Jumbo 3 | G53: =SUMIF($G$21:$G$33, +F53,$V$21:$V$33) -> 0 | H53: =+G53/$G$47 -> 0
F54: Jumbo 4 | G54: =SUMIF($G$21:$G$33, +F54,$V$21:$V$33) -> 0 | H54: =+G54/$G$47 -> 0
F55: Jumbo 5 | G55: =SUMIF($G$21:$G$33, +F55,$V$21:$V$33) -> 0 | H55: =+G55/$G$47 -> 0
F56: Jumbo 6 | G56: =SUMIF($G$21:$G$33, +F56,$V$21:$V$33) -> 0 | H56: =+G56/$G$47 -> 0
F57: Total | G57: =+SUM(G51:G56) -> 330.6 | H57: =+G57/($G$47*$D$46) -> 1.3224
C59: KPI de Control Scoop
C60: Cantidad de Scoop | D60: =SUMPRODUCT((LEFT(G21:G33, 5)="Scoop") / (COUNTIF(G21:G33, G21:G33 & "") + (G21:G33=""))) -> 0 | E60: Meta Horas Efectivas | G60: 0.20833333
C61: Capacidad Balde (m3) | D61: 4.9 | E61: Meta M3 Turno (Promedio) | G61: =15000/(60) -> 250 | H61: % Cumplimiento
E62: Horas Efectivas Scoop (Promedio) | G62: =+SUM(SUMIF($G$21:$G$33, "Scoop*", $J$21:$J$33))/SUMPRODUCT((LEFT(G21:G33, 5)="Scoop") / (COUNTIF(G21:G33, G21:G33 & "") + (G21:G33=""))) -> #DIV/0! | H62: =+G62*24/($G$60*24) -> #DIV/0!
E63: Promedio M3/Turno | G63: =+SUM(W21:W33)*D61/D60 -> #DIV/0! | H63: =+G63/G61 -> #DIV/0!
G64: M3 | H64: % Cumplimiento
F65: Scoop 1 | G65: =SUMIF($G$21:$G$33, +F65,$W$21:$W$33)*$D$61 -> 0 | H65: =+G65/$G$61 -> 0
F66: Scoop 2 | G66: =SUMIF($G$21:$G$33, +F66,$W$21:$W$33)*$D$61 -> 0 | H66: =+G66/$G$61 -> 0
F67: Scoop 3 | G67: =SUMIF($G$21:$G$33, +F67,$W$21:$W$33)*$D$61 -> 0 | H67: =+G67/$G$61 -> 0
F68: Scoop 4 | G68: =SUMIF($G$21:$G$33, +F68,$W$21:$W$33)*$D$61 -> 0 | H68: =+G68/$G$61 -> 0
F69: Scoop 5 | G69: =SUMIF($G$21:$G$33, +F69,$W$21:$W$33)*$D$61 -> 0 | H69: =+G69/$G$61 -> 0
F70: Scoop 6 | G70: =SUMIF($G$21:$G$33, +F70,$W$21:$W$33)*$D$61 -> 0 | H70: =+G70/$G$61 -> 0
F71: Total | G71: =+SUM(G65:G70) -> 0 | H71: =+G71/$G$61 -> 0
C73: KPI de Control Roboshot/Mixer
C74: Cantidad de Roboshot | D74: =SUMPRODUCT((LEFT(G21:G33, 8)="Roboshot") / (COUNTIF(G21:G33, G21:G33 & "") + (G21:G33=""))) -> 1 | E74: Meta Horas Efectivas | G74: 0.20833333
E75: Meta M3 Turno (Promedio) | G75: 12 | H75: % Cumplimiento
G77: M3 | H77: % Cumplimiento
F78: Roboshot 1 | G78: =SUMIF($G$21:$G$33, +F78,$X$21:$X$33) -> 7 | H78: =+G78/$G$75 -> 0.58333333
F79: Roboshot 2 | G79: =SUMIF($G$21:$G$33, +F79,$X$21:$X$33) -> 0 | H79: =+G79/$G$75 -> 0
F80: Roboshot 3 | G80: =SUMIF($G$21:$G$33, +F80,$X$21:$X$33) -> 0 | H80: =+G80/$G$75 -> 0
F81: Total | G81: =+SUM(G78:G80) -> 7 | H81: =+G81/$G$75 -> 0.58333333

Sheet 02-07B
S1: CODIGO:
E2: SISTEMA DE GESTION INTEGRADO
E3: REPORTE DIARIO DE ACTIVIDADES DEL TURNO | S3: REV. 0
S4: FECHA:
C6: Fecha: | K6: Promedio HH.EE Cuadrillas Mineria | M6: =+G37 -> #DIV/0!
C7: Turno: | K7: Cumplimiento Actividades | M7: =+H39 -> 0.9
C8: Jefe de Turno: | J8: Resumen | K8: Total MLB | M8: =+G57 -> 212.8
C9: Grupo: | J9: de KPI | K9: Total M3 Marina | M9: =+G71 -> 279.3
K10: Total M3 Shotcrete | M10: =+G81 -> 0
K11: Total Avance en Ciclo Minero | M11: =+#REF! -> #REF!
K12: Total Dotación Turno | M12: =+D15+D16+D17+D18 -> 0
B14: DOTACION
B15: Minería | C15: Trabajadores | D15: =+K15+P15 -> 0 | H15: Electricistas | J15: Trabajadores | N15: Mecánicos | O15: Trabajadores
C16: Supervisores | D16: =+K16+P16 -> 0 | J16: Supervisores | O16: Supervisores
B17: OO.CC | C17: Trabajadores | D17: =+K17+P17 -> 0 | H17: Servicios | J17: Trabajadores | N17: Subcontratos | O17: Trabajadores
C18: Supervisores | D18: =+K18+P18 -> 0 | J18: Supervisores | O18: Supervisores
B19: Frente | C19: Gal. Inyec. Sur nodo 3500
B20: NIVEL | C20: POSTURA | D20: ACTIVIDAD | E20: DISCIPLINA | F20: RECURSO (CUADRILLA) | G20: EQUIPO ASIGNADO | H20: HORA INICIO | I20: HORA TERMINO | J20: DURACIÓN ACTIVIDAD | K20: CANTIDAD REALIZADA (Pernos, Malla, Shotcrete, Baldadas, Tiros, etc) | L20: UNIDAD | M20: LARGO PERFORACIÓN (m) (Actividades Jumbos) | N20: % AVANCE DE LA ACTIVIDAD | O20: DETALLE DE LA ACTIVIDAD | P20: PERDIDAS OPERACIONALES (PO) | Q20: HORA INICIO | R20: HORA TERMINO | S20: DURACIÓN INTERFERENCIA | U20: PONDERACIÓN CICLO | V20: MLB | W20: Baldadas | X20: Shotcrete
C21: =+Datos!R2 -> Ciclo Minero 10,0 x 7,2 m Galería Inyección Principal | D21: Extracción de Marina Disparo | E21: Minería | F21: G2-3500 | G21: Scoop 1 | H21: 0.95833333 | I21: 0.20833333 | J21: 0.27083333 | K21: 57 | L21: Baldadas | M21: 0 | N21: 1 | S21: =+MOD(R21-Q21,1) -> 0 | U21: =+IFERROR(VLOOKUP(D21,Datos!$R$3:$T$19,3,FALSE), "0") -> 0.22475756 | V21: =IF(OR(D21="Perforación de Fortificación", D21="Perforación de Avance", D21="Perforación Desquinche"), K21*M21, "") | W21: =IF(D21="Extracción de Marina Disparo",K21,"") -> 57 | X21: =IF(OR(D21="Shotcrete", D21="Pre Shotcrete"), K21, "")
C22: =+C21 -> Ciclo Minero 10,0 x 7,2 m Galería Inyección Principal | D22: Acuñadura Mecanizada | E22: Minería | F22: G2-3500 | G22: Acuñador 1 | H22: 0.22916667 | I22: 0.27083333 | J22: =I22-H22 -> 0.041666667 | K22: 50 | L22: m² | M22: 50 | N22: 0.8 | S22: =+MOD(R22-Q22,1) -> 0 | U22: =+IFERROR(VLOOKUP(D22,Datos!$R$3:$T$19,3,FALSE), "0") -> 0.042783799 | V22: =IF(OR(D22="Perforación de Fortificación", D22="Perforación de Avance", D22="Perforación Desquinche"), K22*M22, "") | W22: =IF(D22="Extracción de Marina Disparo",K22,"") | X22: =IF(OR(D22="Shotcrete", D22="Pre Shotcrete"), K22, "")
J23: =SUM(J19:J22) -> 0.3125 | U23: =+IFERROR(VLOOKUP(D23,Datos!$R$3:$T$19,3,FALSE), "0") -> 0 | V23: =IF(OR(D23="Perforación de Fortificación", D23="Perforación de Avance", D23="Perforación Desquinche"), K23*M23, "") | W23: =IF(D23="Extracción de Marina Disparo",K23,"") | X23: =IF(OR(D23="Shotcrete", D23="Pre Shotcrete"), K23, "")
U24: =+IFERROR(VLOOKUP(D24,Datos!$R$3:$T$19,3,FALSE), "0") -> 0 | V24: =IF(OR(D24="Perforación de Fortificación", D24="Perforación de Avance", D24="Perforación Desquinche"), K24*M24, "") | W24: =IF(D24="Extracción de Marina Disparo",K24,"") | X24: =IF(OR(D24="Shotcrete", D24="Pre Shotcrete"), K24, "")
S25: =+MOD(R25-Q25,1) -> 0 | U25: =+IFERROR(VLOOKUP(D25,Datos!$R$3:$T$19,3,FALSE), "0") -> 0 | V25: =IF(OR(D25="Perforación de Fortificación", D25="Perforación de Avance", D25="Perforación Desquinche"), K25*M25, "") | W25: =IF(D25="Extracción de Marina Disparo",K25,"") | X25: =IF(OR(D25="Shotcrete", D25="Pre Shotcrete"), K25, "")
S26: =+MOD(R26-Q26,1) -> 0 | U26: =+IFERROR(VLOOKUP(D26,Datos!$R$3:$T$19,3,FALSE), "0") -> 0 | V26: =IF(OR(D26="Perforación de Fortificación", D26="Perforación de Avance", D26="Perforación Desquinche"), K26*M26, "") | W26: =IF(D26="Extracción de Marina Disparo",K26,"") | X26: =IF(OR(D26="Shotcrete", D26="Pre Shotcrete"), K26, "")
B27: Frente | C27: Galeria Auxiliar nodo 3700
B28: NIVEL | C28: POSTURA | D28: ACTIVIDAD | E28: DISCIPLINA | F28: RECURSO (CUADRILLA) | G28: EQUIPO ASIGNADO | H28: HORA INICIO | I28: HORA TERMINO | J28: DURACIÓN ACTIVIDAD | K28: CANTIDAD REALIZADA (Pernos, Malla, Shotcrete, Baldadas, Tiros, etc) | L28: UNIDAD | M28: LARGO PERFORACIÓN (m) (Actividades Jumbos) | N28: % AVANCE DE LA ACTIVIDAD | O28: DETALLE DE LA ACTIVIDAD | P28: INTERFERENCIAS REGISTRADAS | Q28: HORA INICIO | R28: HORA TERMINO | S28: DURACIÓN INTERFERENCIA | U28: PONDERACIÓN CICLO | V28: MLB | W28: Baldadas | X28: Baldadas
C29: =+Datos!R23 -> Ciclo Minero 5,2 x 5,6 m Galería Acceso Portal de Servicio | D29: Perforación de Avance | E29: Minería | F29: G2-3700 | G29: Jumbo 1 | H29: 0.9375 | I29: 0.11458333 | J29: 0.17708333 | K29: =70*N29 -> 56 | L29: Perf | M29: 3.8 | N29: 0.8 | S29: =+MOD(R29-Q29,1) -> 0 | U29: =+IFERROR(VLOOKUP(D29,Datos!$R$24:$T$40,3,FALSE), "0") -> 0.12609971 | V29: =IF(OR(D29="Perforación de Fortificación", D29="Perforación de Avance", D29="Perforación Desquinche"), K29*M29, "") -> 212.8 | W29: =IF(D29="Extracción de Marina Disparo",K29,"") | X29: =IF(OR(D29="Shotcrete", D29="Pre Shotcrete"), K29, "")
C30: =+C29 -> Ciclo Minero 5,2 x 5,6 m Galería Acceso Portal de Servicio | D30: Carguío | E30: Minería | F30: G2-3700 | G30: MT2 | H30: 0.125 | I30: 0.27083333 | J30: =I30-H30 -> 0.14583333 | K30: 70 | L30: Perf | M30: 0 | N30: 1 | S30: =+MOD(R30-Q30,1) -> 0 | U30: =+IFERROR(VLOOKUP(D30,Datos!$R$24:$T$40,3,FALSE), "0") -> 0 | V30: =IF(OR(D30="Perforación de Fortificación", D30="Perforación de Avance", D30="Perforación Desquinche"), K30*M30, "") | W30: =IF(D30="Extracción de Marina Disparo",K30,"") | X30: =IF(OR(D30="Shotcrete", D30="Pre Shotcrete"), K30, "")
J31: =I31-H31 -> 0 | S31: =+MOD(R31-Q31,1) -> 0 | U31: =+IFERROR(VLOOKUP(D31,Datos!$R$24:$T$40,3,FALSE), "0") -> 0 | V31: =IF(OR(D31="Perforación de Fortificación", D31="Perforación de Avance", D31="Perforación Desquinche"), K31*M31, "") | W31: =IF(D31="Extracción de Marina Disparo",K31,"") | X31: =IF(OR(D31="Shotcrete", D31="Pre Shotcrete"), K31, "")
J32: =I32-H32 -> 0 | S32: =+MOD(R32-Q32,1) -> 0 | U32: =+IFERROR(VLOOKUP(D32,Datos!$R$24:$T$40,3,FALSE), "0") -> 0 | V32: =IF(OR(D32="Perforación de Fortificación", D32="Perforación de Avance", D32="Perforación Desquinche"), K32*M32, "") | W32: =IF(D32="Extracción de Marina Disparo",K32,"") | X32: =IF(OR(D32="Shotcrete", D32="Pre Shotcrete"), K32, "")
J33: =SUM(J29:J32) -> 0.32291667 | S33: =+MOD(R33-Q33,1) -> 0 | U33: =+IFERROR(VLOOKUP(D33,Datos!$R$24:$T$40,3,FALSE), "0") -> 0 | V33: =IF(OR(D33="Perforación de Fortificación", D33="Perforación de Avance", D33="Perforación Desquinche"), K33*M33, "") | W33: =IF(D33="Extracción de Marina Disparo",K33,"") | X33: =IF(OR(D33="Shotcrete", D33="Pre Shotcrete"), K33, "")
C35: KPI de Control Cuadrillas | G35: 3700 | I35: 3500
C36: Cantidad de Cuadrillas Mineras | D36: =SUMPRODUCT((LEFT(F21:F33, 1)="C") / (COUNTIF(F21:F33, F21:F33 & "") + (F21:F33=""))) -> 0 | E36: Meta Horas Efectivas | G36: 0.27083333 | H36: % Cumplimiento | I36: 0.27083333 | J36: % Cumplimiento
C37: Cantidad de Cuadrillas OO.CC | D37: =SUMPRODUCT((LEFT(F21:F33, 1)="O") / (COUNTIF(F21:F33, F21:F33 & "") + (F21:F33=""))) -> 0 | E37: Horas Efectivas Cuadrillas Mineras (Promedio) | G37: =+SUM(SUMIF($F$21:$F$33, "C*", $J$21:$J$33))/SUMPRODUCT((LEFT(F21:F33, 1)="C") / (COUNTIF(F21:F33, F21:F33 & "") + (F21:F33=""))) -> #DIV/0! | H37: =+G37*24/($G$36*24) -> #DIV/0! | I37: =+SUM(SUMIF($F$21:$F$33, "C*", $J$21:$J$33))/SUMPRODUCT((LEFT(H21:H33, 1)="C") / (COUNTIF(H21:H33, H21:H33 & "") + (H21:H33=""))) -> #DIV/0! | J37: =+I37*24/($G$36*24) -> #DIV/0!
E38: Horas Efectivas Cuadrillas OO.CC (Promedio) | G38: =+SUM(SUMIF($F$21:$F$33, "o*", $J$21:$J$33)) -> 0 | H38: =+G38*24/($G$36*24) -> 0 | I38: =+SUM(SUMIF($F$21:$F$33, "o*", $J$21:$J$33)) -> 0 | J38: =+I38*24/($G$36*24) -> 0
E39: % Cumplimiento de Actividades | H39: =+AVERAGE(N21:N33) -> 0.9 | J39: =+AVERAGE(P21:P33) -> #DIV/0!
I41: Avance Venta | K41: Valor Metro Lineal ($/m) | M41: Av. Disp. | O41: HH unitaria | P41: HH total
E42: % Av. 3700 | H42: =SUMPRODUCT(N29:N33 * U29:U33 * (N29:N33<>"") * (U29:U33<>"")) -> 0.10087977 | I42: =+H42*$K$42*$M$42 -> 2.2770581 | K42: 6.6 | M42: 3.42 | O42: 56.080976 | P42: =+O42*M42*H42 -> 19.34843
E43: % Av. 3500 | H43: =+SUMPRODUCT(N21:N25 * U21:U25 * (N21:N25<>"") * (U21:U25<>"")) -> 0.2589846 | I43: =+H43*$K$43*$M$43 -> 10.451582 | K43: 11.8 | M43: 3.42 | O43: 118.52056 | P43: =+O43*M43*H43 -> 104.97689
P44: =SUM(P41:P43) -> 124.32532
C45: KPI de Control Jumbos
C46: Cantidad de Jumbos | D46: =SUMPRODUCT((LEFT(G21:G33, 5)="Jumbo") / (COUNTIF(G21:G33, G21:G33 & "") + (G21:G33=""))) -> 1 | E46: Meta Horas Efectivas | G46: 0.20833333
E47: Meta MLB Turno (Promedio) | G47: =15000/(60) -> 250 | H47: % Cumpl
E48: Horas Efectivas Jumbos (Promedio) | G48: =+SUM(SUMIF($G$21:$G$33, "Jumbo*", $J$21:$J$33))/SUMPRODUCT((LEFT(G21:G33, 5)="Jumbo") / (COUNTIF(G21:G33, G21:G33 & "") + (G21:G33=""))) -> 0.17708333 | H48: =+G48*24/($G$46*24) -> 0.85
E49: Promedio MLB/Turno | G49: =+SUM(V21:V33)/D46 -> 212.8 | H49: =+G49/G47 -> 0.8512
G50: MLB | H50: % Cumplimiento
F51: Jumbo 1 | G51: =SUMIF($G$21:$G$33, +F51,$V$21:$V$33) -> 212.8 | H51: =+G51/$G$47 -> 0.8512
F52: Jumbo 2 | G52: =SUMIF($G$21:$G$33, +F52,$V$21:$V$33) -> 0 | H52: =+G52/$G$47 -> 0
F53: Jumbo 3 | G53: =SUMIF($G$21:$G$33, +F53,$V$21:$V$33) -> 0 | H53: =+G53/$G$47 -> 0
F54: Jumbo 4 | G54: =SUMIF($G$21:$G$33, +F54,$V$21:$V$33) -> 0 | H54: =+G54/$G$47 -> 0
F55: Jumbo 5 | G55: =SUMIF($G$21:$G$33, +F55,$V$21:$V$33) -> 0 | H55: =+G55/$G$47 -> 0
F56: Jumbo 6 | G56: =SUMIF($G$21:$G$33, +F56,$V$21:$V$33) -> 0 | H56: =+G56/$G$47 -> 0
F57: Total | G57: =+SUM(G51:G56) -> 212.8 | H57: =+G57/($G$47*$D$46) -> 0.8512
C59: KPI de Control Scoop
C60: Cantidad de Scoop | D60: =SUMPRODUCT((LEFT(G21:G33, 5)="Scoop") / (COUNTIF(G21:G33, G21:G33 & "") + (G21:G33=""))) -> 1 | E60: Meta Horas Efectivas | G60: 0.20833333
C61: Capacidad Balde (m3) | D61: 4.9 | E61: Meta M3 Turno (Promedio) | G61: =15000/(60) -> 250 | H61: % Cumplimiento
E62: Horas Efectivas Scoop (Promedio) | G62: =+SUM(SUMIF($G$21:$G$33, "Scoop*", $J$21:$J$33))/SUMPRODUCT((LEFT(G21:G33, 5)="Scoop") / (COUNTIF(G21:G33, G21:G33 & "") + (G21:G33=""))) -> 0.27083333 | H62: =+G62*24/($G$60*24) -> 1.3
E63: Promedio M3/Turno | G63: =+SUM(W21:W33)*D61/D60 -> 279.3 | H63: =+G63/G61 -> 1.1172
G64: M3 | H64: % Cumplimiento
F65: Scoop 1 | G65: =SUMIF($G$21:$G$33, +F65,$W$21:$W$33)*$D$61 -> 279.3 | H65: =+G65/$G$61 -> 1.1172
F66: Scoop 2 | G66: =SUMIF($G$21:$G$33, +F66,$W$21:$W$33)*$D$61 -> 0 | H66: =+G66/$G$61 -> 0
F67: Scoop 3 | G67: =SUMIF($G$21:$G$33, +F67,$W$21:$W$33)*$D$61 -> 0 | H67: =+G67/$G$61 -> 0
F68: Scoop 4 | G68: =SUMIF($G$21:$G$33, +F68,$W$21:$W$33)*$D$61 -> 0 | H68: =+G68/$G$61 -> 0
F69: Scoop 5 | G69: =SUMIF($G$21:$G$33, +F69,$W$21:$W$33)*$D$61 -> 0 | H69: =+G69/$G$61 -> 0
F70: Scoop 6 | G70: =SUMIF($G$21:$G$33, +F70,$W$21:$W$33)*$D$61 -> 0 | H70: =+G70/$G$61 -> 0
F71: Total | G71: =+SUM(G65:G70) -> 279.3 | H71: =+G71/$G$61 -> 1.1172
C73: KPI de Control Roboshot/Mixer
C74: Cantidad de Roboshot | D74: =SUMPRODUCT((LEFT(G21:G33, 8)="Roboshot") / (COUNTIF(G21:G33, G21:G33 & "") + (G21:G33=""))) -> 0 | E74: Meta Horas Efectivas | G74: 0.20833333
E75: Meta M3 Turno (Promedio) | G75: 12 | H75: % Cumplimiento
G77: M3 | H77: % Cumplimiento
F78: Roboshot 1 | G78: =SUMIF($G$21:$G$33, +F78,$X$21:$X$33) -> 0 | H78: =+G78/$G$75 -> 0
F79: Roboshot 2 | G79: =SUMIF($G$21:$G$33, +F79,$X$21:$X$33) -> 0 | H79: =+G79/$G$75 -> 0
F80: Roboshot 3 | G80: =SUMIF($G$21:$G$33, +F80,$X$21:$X$33) -> 0 | H80: =+G80/$G$75 -> 0
F81: Total | G81: =+SUM(G78:G80) -> 0 | H81: =+G81/$G$75 -> 0

Sheet 03-07A
S1: CODIGO:
E2: SISTEMA DE GESTION INTEGRADO
E3: REPORTE DIARIO DE ACTIVIDADES DEL TURNO | S3: REV. 0
S4: FECHA:
C6: Fecha: | K6: Promedio HH.EE Cuadrillas Mineria | M6: =+G38 -> 0.64583333
C7: Turno: | K7: Cumplimiento Actividades | M7: =+H39 -> 1
C8: Jefe de Turno: | J8: Resumen | K8: Total MLB | M8: =+G59 -> 0
C9: Grupo: | J9: de KPI | K9: Total M3 Marina | M9: =+G73 -> 0
K10: Total M3 Shotcrete | M10: =+G83 -> 0
K11: Total Avance en Ciclo Minero | M11: =+#REF! -> #REF!
K12: Total Dotación Turno | M12: =+D15+D16+D17+D18 -> 0
B14: DOTACION
B15: Minería | C15: Trabajadores | D15: =+K15+P15 -> 0 | H15: Electricistas | J15: Trabajadores | N15: Mecánicos | O15: Trabajadores
C16: Supervisores | D16: =+K16+P16 -> 0 | J16: Supervisores | O16: Supervisores
B17: OO.CC | C17: Trabajadores | D17: =+K17+P17 -> 0 | H17: Servicios | J17: Trabajadores | N17: Subcontratos | O17: Trabajadores
C18: Supervisores | D18: =+K18+P18 -> 0 | J18: Supervisores | O18: Supervisores
B19: Frente | C19: Gal. Inyec. Sur nodo 3500
B20: NIVEL | C20: POSTURA | D20: ACTIVIDAD | E20: DISCIPLINA | F20: RECURSO (CUADRILLA) | G20: EQUIPO ASIGNADO | H20: HORA INICIO | I20: HORA TERMINO | J20: DURACIÓN ACTIVIDAD | K20: CANTIDAD REALIZADA (Pernos, Malla, Shotcrete, Baldadas, Tiros, etc) | L20: UNIDAD | M20: LARGO PERFORACIÓN (m) (Actividades Jumbos) | N20: % AVANCE DE LA ACTIVIDAD | O20: DETALLE DE LA ACTIVIDAD | P20: PERDIDAS OPERACIONALES (PO) | Q20: HORA INICIO | R20: HORA TERMINO | S20: DURACIÓN INTERFERENCIA | U20: PONDERACIÓN CICLO | V20: MLB | W20: Baldadas | X20: Shotcrete
C21: =+Datos!R2 -> Ciclo Minero 10,0 x 7,2 m Galería Inyección Principal | D21: Acuñadura Mecanizada | E21: Minería | F21: G2-3500 | G21: MT G-55 | H21: 0.41666667 | I21: 0.45833333 | J21: =MOD(I21-H21, 1) -> 0.041666667 | K21: 1 | M21: - | N21: 1 | S21: =+MOD(R21-Q21,1) -> 0 | U21: =+IFERROR(VLOOKUP(D21,Datos!$R$3:$T$19,3,FALSE), "0") -> 0.042783799 | V21: =IF(OR(D21="Perforación de Fortificación", D21="Perforación de Avance", D21="Perforación Desquinche"), K21*M21, "") | W21: =IF(D21="Extracción de Marina Disparo",K21,"") | X21: =IF(OR(D21="Shotcrete", D21="Pre Shotcrete"), K21, "")
C22: =+C21 -> Ciclo Minero 10,0 x 7,2 m Galería Inyección Principal | D22: Limpieza de Pata | E22: Minería | F22: G2-3500 | G22: Retroexcavadora RT-14 | H22: 0.45833333 | I22: 0.5 | J22: =MOD(I22-H22, 1) -> 0.041666667 | K22: 3 | L22: Baldadas | M22: 0 | N22: 1 | S22: =+MOD(R22-Q22,1) -> 0 | U22: =+IFERROR(VLOOKUP(D22,Datos!$R$3:$T$19,3,FALSE), "0") -> 0.0057045066 | V22: =IF(OR(D22="Perforación de Fortificación", D22="Perforación de Avance", D22="Perforación Desquinche"), K22*M22, "") | W22: =IF(D22="Extracción de Marina Disparo",K22,"") | X22: =IF(OR(D22="Shotcrete", D22="Pre Shotcrete"), K22, "")
C23: =+C22 -> Ciclo Minero 10,0 x 7,2 m Galería Inyección Principal | D23: Topografía | E23: Minería | F23: G2-3500 | H23: 0.5 | I23: 0.53125 | J23: =MOD(I23-H23, 1) -> 0.03125 | N23: 1 | S23: =+MOD(R23-Q23,1) -> 0 | U23: =+IFERROR(VLOOKUP(D23,Datos!$R$3:$T$19,3,FALSE), "0") -> 0.034227039 | V23: =IF(OR(D23="Perforación de Fortificación", D23="Perforación de Avance", D23="Perforación Desquinche"), K23*M23, "") | W23: =IF(D23="Extracción de Marina Disparo",K23,"") | X23: =IF(OR(D23="Shotcrete", D23="Pre Shotcrete"), K23, "")
C24: =+C23 -> Ciclo Minero 10,0 x 7,2 m Galería Inyección Principal | D24: Perforación de Fortificación | E24: Minería | F24: G2-3500 | G24: Jumbo J-24 | H24: 0.54166667 | I24: 0.625 | J24: =MOD(I24-H24, 1) -> 0.083333333 | K24: 40 | L24: Perf | M24: 4 | N24: 1 | S24: =+MOD(R24-Q24,1) -> 0 | U24: =+IFERROR(VLOOKUP(D24,Datos!$R$3:$T$19,3,FALSE), "0") -> 0.086138049 | V24: =IF(OR(D24="Perforación de Fortificación", D24="Perforación de Avance", D24="Perforación Desquinche"), K24*M24, "") -> 160 | W24: =IF(D24="Extracción de Marina Disparo",K24,"") | X24: =IF(OR(D24="Shotcrete", D24="Pre Shotcrete"), K24, "")
C25: =+C24 -> Ciclo Minero 10,0 x 7,2 m Galería Inyección Principal | D25: Lechado de Pernos | E25: Minería | F25: G2-3500 | G25: MT G-55 | H25: 0.64583333 | I25: 0.77083333 | J25: =MOD(I25-H25, 1) -> 0.125 | K25: 40 | L25: Pernos | N25: 1 | S25: =+MOD(R25-Q25,1) -> 0 | U25: =+IFERROR(VLOOKUP(D25,Datos!$R$3:$T$19,3,FALSE), "0") -> 0.1779806 | V25: =IF(OR(D25="Perforación de Fortificación", D25="Perforación de Avance", D25="Perforación Desquinche"), K25*M25, "") | W25: =IF(D25="Extracción de Marina Disparo",K25,"") | X25: =IF(OR(D25="Shotcrete", D25="Pre Shotcrete"), K25, "")
J26: =SUM(J21:J25) -> 0.32291667 | O26: Ajuste de ciclo para a la actividad | S26: =+MOD(R26-Q26,1) -> 0 | U26: =SUM(Datos!T4:T13)-SUM(U21:U25) -> 0.0867085 | V26: =IF(OR(D26="Perforación de Fortificación", D26="Perforación de Avance", D26="Perforación Desquinche"), K26*M26, "") | W26: =IF(D26="Extracción de Marina Disparo",K26,"") | X26: =IF(OR(D26="Shotcrete", D26="Pre Shotcrete"), K26, "")
B27: Frente | C27: Galeria Auxiliar nodo 3700
B28: NIVEL | C28: POSTURA | D28: ACTIVIDAD | E28: DISCIPLINA | F28: RECURSO (CUADRILLA) | G28: EQUIPO ASIGNADO | H28: HORA INICIO | I28: HORA TERMINO | J28: DURACIÓN ACTIVIDAD | K28: CANTIDAD REALIZADA (Pernos, Malla, Shotcrete, Baldadas, Tiros, etc) | L28: UNIDAD | M28: LARGO PERFORACIÓN (m) (Actividades Jumbos) | N28: % AVANCE DE LA ACTIVIDAD | O28: DETALLE DE LA ACTIVIDAD | P28: INTERFERENCIAS REGISTRADAS | Q28: HORA INICIO | R28: HORA TERMINO | S28: DURACIÓN INTERFERENCIA | U28: PONDERACIÓN CICLO | V28: MLB | W28: Baldadas | X28: Baldadas
C29: =+Datos!R23 -> Ciclo Minero 5,2 x 5,6 m Galería Acceso Portal de Servicio | D29: Limpieza de Pata | E29: Minería | F29: G2-3700 | G29: Retroexcavadora RT-14 | H29: 0.45833333 | I29: 0.5 | J29: =MOD(I29-H29, 1) -> 0.041666667 | K29: 3 | L29: Baldadas | M29: 0 | N29: 1 | S29: =+MOD(R29-Q29,1) -> 0 | U29: =+IFERROR(VLOOKUP(D29,Datos!$R$24:$T$40,3,FALSE), "0") -> 0.0097751711 | V29: =IF(OR(D29="Perforación de Fortificación", D29="Perforación de Avance", D29="Perforación Desquinche"), K29*M29, "") | W29: =IF(D29="Extracción de Marina Disparo",K29,"") | X29: =IF(OR(D29="Shotcrete", D29="Pre Shotcrete"), K29, "")
C30: =+C29 -> Ciclo Minero 5,2 x 5,6 m Galería Acceso Portal de Servicio | D30: Extracción de Marina Disparo | E30: Minería | F30: G2-3700 | G30: Scoop ST1030 S-33 | H30: 0.58333333 | I30: 0.70833333 | J30: =MOD(I30-H30, 1) -> 0.125 | K30: 45 | L30: Baldadas | M30: 0 | N30: 1 | S30: =+MOD(R30-Q30,1) -> 0 | U30: =+IFERROR(VLOOKUP(D30,Datos!$R$24:$T$40,3,FALSE), "0") -> 0.17399804 | V30: =IF(OR(D30="Perforación de Fortificación", D30="Perforación de Avance", D30="Perforación Desquinche"), K30*M30, "") | W30: =IF(D30="Extracción de Marina Disparo",K30,"") -> 45 | X30: =IF(OR(D30="Shotcrete", D30="Pre Shotcrete"), K30, "")
C31: =+C30 -> Ciclo Minero 5,2 x 5,6 m Galería Acceso Portal de Servicio | D31: Extracción de Marina Superficie | E31: Minería | F31: G2-3700 | H31: 0.70833333 | I31: 0.75 | J31: =MOD(I31-H31, 1) -> 0.041666667 | K31: 9 | L31: Viajes | S31: =+MOD(R31-Q31,1) -> 0 | U31: =+IFERROR(VLOOKUP(D31,Datos!$R$24:$T$40,3,FALSE), "0") -> 0 | V31: =IF(OR(D31="Perforación de Fortificación", D31="Perforación de Avance", D31="Perforación Desquinche"), K31*M31, "") | W31: =IF(D31="Extracción de Marina Disparo",K31,"") | X31: =IF(OR(D31="Shotcrete", D31="Pre Shotcrete"), K31, "")
C32: =+C31 -> Ciclo Minero 5,2 x 5,6 m Galería Acceso Portal de Servicio | J32: =MOD(I32-H32, 1) -> 0 | S32: =+MOD(R32-Q32,1) -> 0 | U32: =+IFERROR(VLOOKUP(D32,Datos!$R$24:$T$40,3,FALSE), "0") -> 0 | V32: =IF(OR(D32="Perforación de Fortificación", D32="Perforación de Avance", D32="Perforación Desquinche"), K32*M32, "") | W32: =IF(D32="Extracción de Marina Disparo",K32,"") | X32: =IF(OR(D32="Shotcrete", D32="Pre Shotcrete"), K32, "")
C33: =+C32 -> Ciclo Minero 5,2 x 5,6 m Galería Acceso Portal de Servicio | J33: =MOD(I33-H33, 1) -> 0 | S33: =+MOD(R33-Q33,1) -> 0 | U33: =+IFERROR(VLOOKUP(D33,Datos!$R$24:$T$40,3,FALSE), "0") -> 0 | V33: =IF(OR(D33="Perforación de Fortificación", D33="Perforación de Avance", D33="Perforación Desquinche"), K33*M33, "") | W33: =IF(D33="Extracción de Marina Disparo",K33,"") | X33: =IF(OR(D33="Shotcrete", D33="Pre Shotcrete"), K33, "")
C34: =+C33 -> Ciclo Minero 5,2 x 5,6 m Galería Acceso Portal de Servicio | J34: =SUM(J29:J33) -> 0.20833333 | S34: =+MOD(R34-Q34,1) -> 0 | V34: =IF(OR(D34="Perforación de Fortificación", D34="Perforación de Avance", D34="Perforación Desquinche"), K34*M34, "") | W34: =IF(D34="Extracción de Marina Disparo",K34,"") | X34: =IF(OR(D34="Shotcrete", D34="Pre Shotcrete"), K34, "")
C36: KPI de Control Cuadrillas | G36: 3500 | I36: 3700 | K36: Total
C37: Cantidad de Cuadrillas Mineras | D37: =SUMPRODUCT((LEFT(F21:F33, 1)="C") / (COUNTIF(F21:F33, F21:F33 & "") + (F21:F33=""))) -> 0 | E37: Meta Horas Efectivas | G37: 0.26041667 | H37: % Cumplimiento | I37: 0.26041667 | J37: % Cumplimiento | K37: =+G37 -> 0.26041667 | L37: % Cumplimiento
C38: Cantidad de Cuadrillas OO.CC | D38: =SUMPRODUCT((LEFT(F21:F33, 1)="O") / (COUNTIF(F21:F33, F21:F33 & "") + (F21:F33=""))) -> 0 | E38: Horas Efectivas | G38: =SUM(J21:J26) -> 0.64583333 | H38: =+G38*24/($G$37*24) -> 2.48 | I38: =SUM(J29:J33) -> 0.20833333 | J38: =+I38*24/($I$37*24) -> 0.8 | K38: =AVERAGE(G38+I38)/2 -> 0.42708333 | L38: =+K38*24/($K$37*24) -> 1.64
E39: % Cumplimiento de Actividades | H39: =+AVERAGE(N21:N26) -> 1 | J39: =+AVERAGE(N29:N33) -> 1 | L39: =+AVERAGE(N21:N33) -> 1
H41: % AVANCE DE LA ACTIVIDAD | I41: AVANCE VENTA | J41: VALOR METRO LENEAL ($/m) | K41: AV. DISP (m) | L41: HH unitaria | M41: HH total
E42: % Av. 3700 | H42: =SUMPRODUCT(N29:N33 * U29:U33 * (N29:N33<>"") * (U29:U33<>"")) -> 0.18377322 | I42: =+H42*$J$42*$K$42 -> 4.148129 | J42: 6.6 | K42: 3.42 | L42: 56.080976 | M42: =+L42*K42*H42 -> 35.24714
E43: % Av. 3500 | H43: =+SUMPRODUCT(N21:N26 * U21:U26 * (N21:N26<>"") * (U21:U26<>"")) -> 0.346834 | I43: =+H43*$J$43*$K$43 -> 13.996833 | J43: 11.8 | K43: 3.42 | L43: 118.52056 | M43: =+L43*K43*H43 -> 140.5858
E44: Viajes Mx Ton- km / viaje 3700 | I44: =+J44*K44 -> 3.0568666 | J44: =1892/1000000 -> 0.001892 | K44: =+((15*4.4)*2.72)*K31 -> 1615.68 | L44: 0.016919982 | M44: =+L44*K44 -> 27.337277
E45: Viajes Mx Ton- km / viaje 3500 | J45: =+J44 -> 0.001892 | M45: =SUM(M42:M44) -> 203.17021
C47: KPI de Control Jumbos
C48: Cantidad de Jumbos | D48: =SUMPRODUCT((LEFT(G21:G33, 5)="Jumbo") / (COUNTIF(G21:G33, G21:G33 & "") + (G21:G33=""))) -> 1 | E48: Meta Horas Efectivas | G48: 0.20833333
E49: Meta MLB Turno (Promedio) | G49: =15000/(60) -> 250 | H49: % Cumpl
E50: Horas Efectivas Jumbos (Promedio) | G50: =+SUM(SUMIF($G$21:$G$33, "Jumbo*", $J$21:$J$33))/SUMPRODUCT((LEFT(G21:G33, 5)="Jumbo") / (COUNTIF(G21:G33, G21:G33 & "") + (G21:G33=""))) -> 0.083333333 | H50: =+G50*24/($G$48*24) -> 0.4
E51: Promedio MLB/Turno | G51: =+SUM(V21:V33)/D48 -> 160 | H51: =+G51/G49 -> 0.64
G52: MLB | H52: % Cumplimiento
F53: Jumbo 1 | G53: =SUMIF($G$21:$G$33, +F53,$V$21:$V$33) -> 0 | H53: =+G53/$G$49 -> 0
F54: Jumbo 2 | G54: =SUMIF($G$21:$G$33, +F54,$V$21:$V$33) -> 0 | H54: =+G54/$G$49 -> 0
F55: Jumbo 3 | G55: =SUMIF($G$21:$G$33, +F55,$V$21:$V$33) -> 0 | H55: =+G55/$G$49 -> 0
F56: Jumbo 4 | G56: =SUMIF($G$21:$G$33, +F56,$V$21:$V$33) -> 0 | H56: =+G56/$G$49 -> 0
F57: Jumbo 5 | G57: =SUMIF($G$21:$G$33, +F57,$V$21:$V$33) -> 0 | H57: =+G57/$G$49 -> 0
F58: Jumbo 6 | G58: =SUMIF($G$21:$G$33, +F58,$V$21:$V$33) -> 0 | H58: =+G58/$G$49 -> 0
F59: Total | G59: =+SUM(G53:G58) -> 0 | H59: =+G59/($G$49*$D$48) -> 0
C61: KPI de Control Scoop
C62: Cantidad de Scoop | D62: =SUMPRODUCT((LEFT(G21:G33, 5)="Scoop") / (COUNTIF(G21:G33, G21:G33 & "") + (G21:G33=""))) -> 1 | E62: Meta Horas Efectivas | G62: 0.20833333
C63: Capacidad Balde (m3) | D63: 4.9 | E63: Meta M3 Turno (Promedio) | G63: =15000/(60) -> 250 | H63: % Cumplimiento
E64: Horas Efectivas Scoop (Promedio) | G64: =+SUM(SUMIF($G$21:$G$33, "Scoop*", $J$21:$J$33))/SUMPRODUCT((LEFT(G21:G33, 5)="Scoop") / (COUNTIF(G21:G33, G21:G33 & "") + (G21:G33=""))) -> 0.125 | H64: =+G64*24/($G$62*24) -> 0.6
E65: Promedio M3/Turno | G65: =+SUM(W21:W33)*D63/D62 -> 220.5 | H65: =+G65/G63 -> 0.882
G66: M3 | H66: % Cumplimiento
F67: Scoop 1 | G67: =SUMIF($G$21:$G$33, +F67,$W$21:$W$33)*$D$63 -> 0 | H67: =+G67/$G$63 -> 0
F68: Scoop 2 | G68: =SUMIF($G$21:$G$33, +F68,$W$21:$W$33)*$D$63 -> 0 | H68: =+G68/$G$63 -> 0
F69: Scoop 3 | G69: =SUMIF($G$21:$G$33, +F69,$W$21:$W$33)*$D$63 -> 0 | H69: =+G69/$G$63 -> 0
F70: Scoop 4 | G70: =SUMIF($G$21:$G$33, +F70,$W$21:$W$33)*$D$63 -> 0 | H70: =+G70/$G$63 -> 0
F71: Scoop 5 | G71: =SUMIF($G$21:$G$33, +F71,$W$21:$W$33)*$D$63 -> 0 | H71: =+G71/$G$63 -> 0
F72: Scoop 6 | G72: =SUMIF($G$21:$G$33, +F72,$W$21:$W$33)*$D$63 -> 0 | H72: =+G72/$G$63 -> 0
F73: Total | G73: =+SUM(G67:G72) -> 0 | H73: =+G73/$G$63 -> 0
C75: KPI de Control Roboshot/Mixer
C76: Cantidad de Roboshot | D76: =SUMPRODUCT((LEFT(G21:G33, 8)="Roboshot") / (COUNTIF(G21:G33, G21:G33 & "") + (G21:G33=""))) -> 0 | E76: Meta Horas Efectivas | G76: 0.20833333
E77: Meta M3 Turno (Promedio) | G77: 12 | H77: % Cumplimiento
G79: M3 | H79: % Cumplimiento
F80: Roboshot 1 | G80: =SUMIF($G$21:$G$33, +F80,$X$21:$X$33) -> 0 | H80: =+G80/$G$77 -> 0
F81: Roboshot 2 | G81: =SUMIF($G$21:$G$33, +F81,$X$21:$X$33) -> 0 | H81: =+G81/$G$77 -> 0
F82: Roboshot 3 | G82: =SUMIF($G$21:$G$33, +F82,$X$21:$X$33) -> 0 | H82: =+G82/$G$77 -> 0
F83: Total | G83: =+SUM(G80:G82) -> 0 | H83: =+G83/$G$77 -> 0

Sheet 03-07B
S1: CODIGO:
E2: SISTEMA DE GESTION INTEGRADO
E3: REPORTE DIARIO DE ACTIVIDADES DEL TURNO | S3: REV. 0
S4: FECHA:
C6: Fecha: | K6: Promedio HH.EE Cuadrillas Mineria | M6: =+G38 -> 0.65277778
C7: Turno: | K7: Cumplimiento Actividades | M7: =+H39 -> 1
C8: Jefe de Turno: | J8: Resumen | K8: Total MLB | M8: =+G59 -> 0
C9: Grupo: | J9: de KPI | K9: Total M3 Marina | M9: =+G73 -> 0
K10: Total M3 Shotcrete | M10: =+G83 -> 0
K11: Total Avance en Ciclo Minero | M11: =+#REF! -> #REF!
K12: Total Dotación Turno | M12: =+D15+D16+D17+D18 -> 0
B14: DOTACION
B15: Minería | C15: Trabajadores | D15: =+K15+P15 -> 0 | H15: Electricistas | J15: Trabajadores | N15: Mecánicos | O15: Trabajadores
C16: Supervisores | D16: =+K16+P16 -> 0 | J16: Supervisores | O16: Supervisores
B17: OO.CC | C17: Trabajadores | D17: =+K17+P17 -> 0 | H17: Servicios | J17: Trabajadores | N17: Subcontratos | O17: Trabajadores
C18: Supervisores | D18: =+K18+P18 -> 0 | J18: Supervisores | O18: Supervisores
B19: Frente | C19: Gal. Inyec. Sur nodo 3500
B20: NIVEL | C20: POSTURA | D20: ACTIVIDAD | E20: DISCIPLINA | F20: RECURSO (CUADRILLA) | G20: EQUIPO ASIGNADO | H20: HORA INICIO | I20: HORA TERMINO | J20: DURACIÓN ACTIVIDAD | K20: CANTIDAD REALIZADA (Pernos, Malla, Shotcrete, Baldadas, Tiros, etc) | L20: UNIDAD | M20: LARGO PERFORACIÓN (m) (Actividades Jumbos) | N20: % AVANCE DE LA ACTIVIDAD | O20: DETALLE DE LA ACTIVIDAD | P20: PERDIDAS OPERACIONALES (PO) | Q20: HORA INICIO | R20: HORA TERMINO | S20: DURACIÓN INTERFERENCIA | U20: PONDERACIÓN CICLO | V20: MLB | W20: Baldadas | X20: Shotcrete
C21: =+Datos!R2 -> Ciclo Minero 10,0 x 7,2 m Galería Inyección Principal | D21: Topografía | E21: Minería | F21: G2-3500 | H21: 0.875 | I21: 0.91666667 | J21: =MOD(I21-H21, 1) -> 0.041666667 | M21: - | N21: 1 | S21: =+MOD(R21-Q21,1) -> 0 | U21: =+IFERROR(VLOOKUP(D21,Datos!$R$3:$T$19,3,FALSE), "0") -> 0.034227039 | V21: =IF(OR(D21="Perforación de Fortificación", D21="Perforación de Avance", D21="Perforación Desquinche"), K21*M21, "") | W21: =IF(D21="Extracción de Marina Disparo",K21,"") | X21: =IF(OR(D21="Shotcrete", D21="Pre Shotcrete"), K21, "")
C22: =+C21 -> Ciclo Minero 10,0 x 7,2 m Galería Inyección Principal | D22: Instalación de Malla | E22: Minería | F22: G2-3500 | G22: MT G-54 | H22: 0.95833333 | I22: 0.041666667 | J22: =MOD(I22-H22, 1) -> 0.083333333 | K22: =21.75*3.2 -> 69.6 | L22: m² | M22: 0 | N22: 1 | S22: =+MOD(R22-Q22,1) -> 0 | U22: =+IFERROR(VLOOKUP(D22,Datos!$R$3:$T$19,3,FALSE), "0") -> 0.068454079 | V22: =IF(OR(D22="Perforación de Fortificación", D22="Perforación de Avance", D22="Perforación Desquinche"), K22*M22, "") | W22: =IF(D22="Extracción de Marina Disparo",K22,"") | X22: =IF(OR(D22="Shotcrete", D22="Pre Shotcrete"), K22, "")
C23: =+C22 -> Ciclo Minero 10,0 x 7,2 m Galería Inyección Principal | D23: Limpieza de Pata | E23: Minería | F23: G2-3500 | G23: Retroexcavadora RT-14 | H23: 0.052083333 | I23: 0.14583333 | J23: =MOD(I23-H23, 1) -> 0.09375 | N23: 1 | S23: =+MOD(R23-Q23,1) -> 0 | U23: =+IFERROR(VLOOKUP(D23,Datos!$R$3:$T$19,3,FALSE), "0") -> 0.0057045066 | V23: =IF(OR(D23="Perforación de Fortificación", D23="Perforación de Avance", D23="Perforación Desquinche"), K23*M23, "") | W23: =IF(D23="Extracción de Marina Disparo",K23,"") | X23: =IF(OR(D23="Shotcrete", D23="Pre Shotcrete"), K23, "")
C24: =+C23 -> Ciclo Minero 10,0 x 7,2 m Galería Inyección Principal | D24: Perforación Piso | E24: Minería | F24: G2-3500 | G24: Jumbo J-28 | H24: 0.15625 | I24: 0.21180556 | J24: =MOD(I24-H24, 1) -> 0.055555556 | K24: 24 | L24: Perf | M24: 1.6 | N24: 1 | S24: =+MOD(R24-Q24,1) -> 0 | U24: =+IFERROR(VLOOKUP(D24,Datos!$R$3:$T$19,3,FALSE), "0") -> 0 | V24: =IF(OR(D24="Perforación de Fortificación", D24="Perforación de Avance", D24="Perforación Desquinche"), K24*M24, "") | W24: =IF(D24="Extracción de Marina Disparo",K24,"") | X24: =IF(OR(D24="Shotcrete", D24="Pre Shotcrete"), K24, "")
C25: =+C24 -> Ciclo Minero 10,0 x 7,2 m Galería Inyección Principal | D25: Carguío y tronadura | E25: Minería | F25: G2-3500 | G25: MT G-54 | H25: 0.21875 | I25: 0.27083333 | J25: =MOD(I25-H25, 1) -> 0.052083333 | K25: 24 | L25: Perf | N25: 1 | S25: =+MOD(R25-Q25,1) -> 0 | U25: =+IFERROR(VLOOKUP(D25,Datos!$R$3:$T$19,3,FALSE), "0") -> 0.083285796 | V25: =IF(OR(D25="Perforación de Fortificación", D25="Perforación de Avance", D25="Perforación Desquinche"), K25*M25, "") | W25: =IF(D25="Extracción de Marina Disparo",K25,"") | X25: =IF(OR(D25="Shotcrete", D25="Pre Shotcrete"), K25, "")
J26: =SUM(J21:J25) -> 0.32638889 | S26: =+MOD(R26-Q26,1) -> 0 | V26: =IF(OR(D26="Perforación de Fortificación", D26="Perforación de Avance", D26="Perforación Desquinche"), K26*M26, "") | W26: =IF(D26="Extracción de Marina Disparo",K26,"") | X26: =IF(OR(D26="Shotcrete", D26="Pre Shotcrete"), K26, "")
B27: Frente | C27: Galeria Auxiliar nodo 3700
B28: NIVEL | C28: POSTURA | D28: ACTIVIDAD | E28: DISCIPLINA | F28: RECURSO (CUADRILLA) | G28: EQUIPO ASIGNADO | H28: HORA INICIO | I28: HORA TERMINO | J28: DURACIÓN ACTIVIDAD | K28: CANTIDAD REALIZADA (Pernos, Malla, Shotcrete, Baldadas, Tiros, etc) | L28: UNIDAD | M28: LARGO PERFORACIÓN (m) (Actividades Jumbos) | N28: % AVANCE DE LA ACTIVIDAD | O28: DETALLE DE LA ACTIVIDAD | P28: INTERFERENCIAS REGISTRADAS | Q28: HORA INICIO | R28: HORA TERMINO | S28: DURACIÓN INTERFERENCIA | U28: PONDERACIÓN CICLO | V28: MLB | W28: Baldadas | X28: Baldadas
C29: =+Datos!R23 -> Ciclo Minero 5,2 x 5,6 m Galería Acceso Portal de Servicio | D29: Acuñadura Mecanizada | E29: Minería | F29: G2-3700 | G29: Acuñador AM-07 | H29: 0.875 | I29: 0.95833333 | J29: =MOD(I29-H29, 1) -> 0.083333333 | K29: 0 | M29: 0 | N29: 1 | S29: =+MOD(R29-Q29,1) -> 0 | U29: =+IFERROR(VLOOKUP(D29,Datos!$R$24:$T$40,3,FALSE), "0") -> 0.055718475 | V29: =IF(OR(D29="Perforación de Fortificación", D29="Perforación de Avance", D29="Perforación Desquinche"), K29*M29, "") | W29: =IF(D29="Extracción de Marina Disparo",K29,"") | X29: =IF(OR(D29="Shotcrete", D29="Pre Shotcrete"), K29, "")
C30: =+C29 -> Ciclo Minero 5,2 x 5,6 m Galería Acceso Portal de Servicio | D30: Limpieza de Pata | E30: Minería | F30: G2-3700 | G30: Retroexcavadora RT-14 | H30: 0.95833333 | I30: 0.97916667 | J30: =MOD(I30-H30, 1) -> 0.020833333 | M30: 0 | N30: 1 | S30: =+MOD(R30-Q30,1) -> 0 | U30: =+IFERROR(VLOOKUP(D30,Datos!$R$24:$T$40,3,FALSE), "0") -> 0.0097751711 | V30: =IF(OR(D30="Perforación de Fortificación", D30="Perforación de Avance", D30="Perforación Desquinche"), K30*M30, "") | W30: =IF(D30="Extracción de Marina Disparo",K30,"") | X30: =IF(OR(D30="Shotcrete", D30="Pre Shotcrete"), K30, "")
C31: =+C30 -> Ciclo Minero 5,2 x 5,6 m Galería Acceso Portal de Servicio | D31: Topografía | E31: Minería | F31: G2-3700 | H31: 0 | I31: 0.041666667 | J31: =MOD(I31-H31, 1) -> 0.041666667 | M31: 0 | N31: 1 | S31: =+MOD(R31-Q31,1) -> 0 | U31: =+IFERROR(VLOOKUP(D31,Datos!$R$24:$T$40,3,FALSE), "0") -> 0.041055718 | V31: =IF(OR(D31="Perforación de Fortificación", D31="Perforación de Avance", D31="Perforación Desquinche"), K31*M31, "") | W31: =IF(D31="Extracción de Marina Disparo",K31,"") | X31: =IF(OR(D31="Shotcrete", D31="Pre Shotcrete"), K31, "")
C32: =+C31 -> Ciclo Minero 5,2 x 5,6 m Galería Acceso Portal de Servicio | D32: Perforación de Fortificación | E32: Minería | F32: G2-3700 | G32: Jumbo J-24 | H32: 0.0625 | I32: 0.16666667 | J32: =MOD(I32-H32, 1) -> 0.10416667 | K32: 26 | L32: Pernos | M32: 3 | N32: 1 | S32: =+MOD(R32-Q32,1) -> 0 | U32: =+IFERROR(VLOOKUP(D32,Datos!$R$24:$T$40,3,FALSE), "0") -> 0.0742913 | V32: =IF(OR(D32="Perforación de Fortificación", D32="Perforación de Avance", D32="Perforación Desquinche"), K32*M32, "") -> 78 | W32: =IF(D32="Extracción de Marina Disparo",K32,"") | X32: =IF(OR(D32="Shotcrete", D32="Pre Shotcrete"), K32, "")
C33: =+C32 -> Ciclo Minero 5,2 x 5,6 m Galería Acceso Portal de Servicio | D33: Lechado de Pernos | E33: Minería | F33: G2-3700 | G33: MT G-50 | H33: 0.17708333 | I33: 0.25 | J33: =MOD(I33-H33, 1) -> 0.072916667 | K33: 26 | L33: Pernos | M33: 3 | N33: 1 | S33: =+MOD(R33-Q33,1) -> 0 | U33: =+IFERROR(VLOOKUP(D33,Datos!$R$24:$T$40,3,FALSE), "0") -> 0.14662757 | V33: =IF(OR(D33="Perforación de Fortificación", D33="Perforación de Avance", D33="Perforación Desquinche"), K33*M33, "") | W33: =IF(D33="Extracción de Marina Disparo",K33,"") | X33: =IF(OR(D33="Shotcrete", D33="Pre Shotcrete"), K33, "")
C34: =+C33 -> Ciclo Minero 5,2 x 5,6 m Galería Acceso Portal de Servicio | J34: =SUM(J29:J33) -> 0.32291667 | O34: Ajuste de ciclo para a la actividad | S34: =+MOD(R34-Q34,1) -> 0 | U34: =SUM(Datos!T25:T34)-SUM(U29:U33) -> 0.14662757 | V34: =IF(OR(D34="Perforación de Fortificación", D34="Perforación de Avance", D34="Perforación Desquinche"), K34*M34, "") | W34: =IF(D34="Extracción de Marina Disparo",K34,"") | X34: =IF(OR(D34="Shotcrete", D34="Pre Shotcrete"), K34, "")
C36: KPI de Control Cuadrillas | G36: 3500 | I36: 3700 | K36: Total
C37: Cantidad de Cuadrillas Mineras | D37: =SUMPRODUCT((LEFT(F21:F33, 1)="C") / (COUNTIF(F21:F33, F21:F33 & "") + (F21:F33=""))) -> 0 | E37: Meta Horas Efectivas | G37: 0.26041667 | H37: % Cumplimiento | I37: 0.26041667 | J37: % Cumplimiento | K37: =+G37 -> 0.26041667 | L37: % Cumplimiento
C38: Cantidad de Cuadrillas OO.CC | D38: =SUMPRODUCT((LEFT(F21:F33, 1)="O") / (COUNTIF(F21:F33, F21:F33 & "") + (F21:F33=""))) -> 0 | E38: Horas Efectivas | G38: =SUM(J21:J26) -> 0.65277778 | H38: =+G38*24/($G$37*24) -> 2.5066667 | I38: =SUM(J29:J33) -> 0.32291667 | J38: =+I38*24/($I$37*24) -> 1.24 | K38: =AVERAGE(G38+I38)/2 -> 0.48784722 | L38: =+K38*24/($K$37*24) -> 1.8733333
E39: % Cumplimiento de Actividades | H39: =+AVERAGE(N21:N26) -> 1 | J39: =+AVERAGE(N29:N33) -> 1 | L39: =+AVERAGE(N21:N33) -> 1
H41: % AVANCE DE LA ACTIVIDAD | I41: AVANCE VENTA | J41: VALOR METRO LENEAL ($/m) | K41: AV. DISP (m) | L41: HH unitaria | M41: HH total
E42: % Av. 3700 | H42: =SUMPRODUCT(N29:N33 * U29:U33 * (N29:N33<>"") * (U29:U33<>"")) -> 0.32746823 | I42: =+H42*$J$42*$K$42 -> 7.3916129 | J42: 6.6 | K42: 3.42 | L42: 56.080976 | M42: =+L42*K42*H42 -> 62.807403
E43: % Av. 3500 | H43: =+SUMPRODUCT(N21:N25 * U21:U25 * (N21:N25<>"") * (U21:U25<>"")) -> 0.19167142 | I43: =+H43*$J$43*$K$43 -> 7.7350918 | J43: 11.8 | K43: 3.42 | L43: 118.52056 | M43: =+L43*K43*H43 -> 77.692151
E44: Viajes Mx Ton- km / viaje 3700 | I44: =+J44*K44 -> 0 | J44: =1892/1000000 -> 0.001892 | K44: =+((15*4.4)*2.72)*K31 -> 0 | L44: 0.016919982 | M44: =+L44*K44 -> 0
E45: Viajes Mx Ton- km / viaje 3500 | J45: =+J44 -> 0.001892 | M45: =SUM(M42:M44) -> 140.49955
C47: KPI de Control Jumbos
C48: Cantidad de Jumbos | D48: =SUMPRODUCT((LEFT(G21:G33, 5)="Jumbo") / (COUNTIF(G21:G33, G21:G33 & "") + (G21:G33=""))) -> 2 | E48: Meta Horas Efectivas | G48: 0.20833333
E49: Meta MLB Turno (Promedio) | G49: =15000/(60) -> 250 | H49: % Cumpl
E50: Horas Efectivas Jumbos (Promedio) | G50: =+SUM(SUMIF($G$21:$G$33, "Jumbo*", $J$21:$J$33))/SUMPRODUCT((LEFT(G21:G33, 5)="Jumbo") / (COUNTIF(G21:G33, G21:G33 & "") + (G21:G33=""))) -> 0.079861111 | H50: =+G50*24/($G$48*24) -> 0.38333333
E51: Promedio MLB/Turno | G51: =+SUM(V21:V33)/D48 -> 39 | H51: =+G51/G49 -> 0.156
G52: MLB | H52: % Cumplimiento
F53: Jumbo 1 | G53: =SUMIF($G$21:$G$33, +F53,$V$21:$V$33) -> 0 | H53: =+G53/$G$49 -> 0
F54: Jumbo 2 | G54: =SUMIF($G$21:$G$33, +F54,$V$21:$V$33) -> 0 | H54: =+G54/$G$49 -> 0
F55: Jumbo 3 | G55: =SUMIF($G$21:$G$33, +F55,$V$21:$V$33) -> 0 | H55: =+G55/$G$49 -> 0
F56: Jumbo 4 | G56: =SUMIF($G$21:$G$33, +F56,$V$21:$V$33) -> 0 | H56: =+G56/$G$49 -> 0
F57: Jumbo 5 | G57: =SUMIF($G$21:$G$33, +F57,$V$21:$V$33) -> 0 | H57: =+G57/$G$49 -> 0
F58: Jumbo 6 | G58: =SUMIF($G$21:$G$33, +F58,$V$21:$V$33) -> 0 | H58: =+G58/$G$49 -> 0
F59: Total | G59: =+SUM(G53:G58) -> 0 | H59: =+G59/($G$49*$D$48) -> 0
C61: KPI de Control Scoop
C62: Cantidad de Scoop | D62: =SUMPRODUCT((LEFT(G21:G33, 5)="Scoop") / (COUNTIF(G21:G33, G21:G33 & "") + (G21:G33=""))) -> 0 | E62: Meta Horas Efectivas | G62: 0.20833333
C63: Capacidad Balde (m3) | D63: 4.9 | E63: Meta M3 Turno (Promedio) | G63: =15000/(60) -> 250 | H63: % Cumplimiento
E64: Horas Efectivas Scoop (Promedio) | G64: =+SUM(SUMIF($G$21:$G$33, "Scoop*", $J$21:$J$33))/SUMPRODUCT((LEFT(G21:G33, 5)="Scoop") / (COUNTIF(G21:G33, G21:G33 & "") + (G21:G33=""))) -> #DIV/0! | H64: =+G64*24/($G$62*24) -> #DIV/0!
E65: Promedio M3/Turno | G65: =+SUM(W21:W33)*D63/D62 -> #DIV/0! | H65: =+G65/G63 -> #DIV/0!
G66: M3 | H66: % Cumplimiento
F67: Scoop 1 | G67: =SUMIF($G$21:$G$33, +F67,$W$21:$W$33)*$D$63 -> 0 | H67: =+G67/$G$63 -> 0
F68: Scoop 2 | G68: =SUMIF($G$21:$G$33, +F68,$W$21:$W$33)*$D$63 -> 0 | H68: =+G68/$G$63 -> 0
F69: Scoop 3 | G69: =SUMIF($G$21:$G$33, +F69,$W$21:$W$33)*$D$63 -> 0 | H69: =+G69/$G$63 -> 0
F70: Scoop 4 | G70: =SUMIF($G$21:$G$33, +F70,$W$21:$W$33)*$D$63 -> 0 | H70: =+G70/$G$63 -> 0
F71: Scoop 5 | G71: =SUMIF($G$21:$G$33, +F71,$W$21:$W$33)*$D$63 -> 0 | H71: =+G71/$G$63 -> 0
F72: Scoop 6 | G72: =SUMIF($G$21:$G$33, +F72,$W$21:$W$33)*$D$63 -> 0 | H72: =+G72/$G$63 -> 0
F73: Total | G73: =+SUM(G67:G72) -> 0 | H73: =+G73/$G$63 -> 0
C75: KPI de Control Roboshot/Mixer
C76: Cantidad de Roboshot | D76: =SUMPRODUCT((LEFT(G21:G33, 8)="Roboshot") / (COUNTIF(G21:G33, G21:G33 & "") + (G21:G33=""))) -> 0 | E76: Meta Horas Efectivas | G76: 0.20833333
E77: Meta M3 Turno (Promedio) | G77: 12 | H77: % Cumplimiento
G79: M3 | H79: % Cumplimiento
F80: Roboshot 1 | G80: =SUMIF($G$21:$G$33, +F80,$X$21:$X$33) -> 0 | H80: =+G80/$G$77 -> 0
F81: Roboshot 2 | G81: =SUMIF($G$21:$G$33, +F81,$X$21:$X$33) -> 0 | H81: =+G81/$G$77 -> 0
F82: Roboshot 3 | G82: =SUMIF($G$21:$G$33, +F82,$X$21:$X$33) -> 0 | H82: =+G82/$G$77 -> 0
F83: Total | G83: =+SUM(G80:G82) -> 0 | H83: =+G83/$G$77 -> 0

Sheet 04-07A
S1: CODIGO:
E2: SISTEMA DE GESTION INTEGRADO
E3: REPORTE DIARIO DE ACTIVIDADES DEL TURNO | S3: REV. 0
S4: FECHA:
C6: Fecha: | K6: Promedio HH.EE Cuadrillas Mineria | M6: =+G38 -> 0.75
C7: Turno: | K7: Cumplimiento Actividades | M7: =+H39 -> 0.33333333
C8: Jefe de Turno: | J8: Resumen | K8: Total MLB | M8: =+G60 -> 0
C9: Grupo: | J9: de KPI | K9: Total M3 Marina | M9: =+G74 -> 0
K10: Total M3 Shotcrete | M10: =+G84 -> 0
K11: Total Avance en Ciclo Minero | M11: =+#REF! -> #REF!
K12: Total Dotación Turno | M12: =+D15+D16+D17+D18 -> 0
B14: DOTACION
B15: Minería | C15: Trabajadores | D15: =+K15+P15 -> 0 | H15: Electricistas | J15: Trabajadores | N15: Mecánicos | O15: Trabajadores
C16: Supervisores | D16: =+K16+P16 -> 0 | J16: Supervisores | O16: Supervisores
B17: OO.CC | C17: Trabajadores | D17: =+K17+P17 -> 0 | H17: Servicios | J17: Trabajadores | N17: Subcontratos | O17: Trabajadores
C18: Supervisores | D18: =+K18+P18 -> 0 | J18: Supervisores | O18: Supervisores
B19: Frente | C19: Gal. Inyec. Sur nodo 3500
B20: NIVEL | C20: POSTURA | D20: ACTIVIDAD | E20: DISCIPLINA | F20: RECURSO (CUADRILLA) | G20: EQUIPO ASIGNADO | H20: HORA INICIO | I20: HORA TERMINO | J20: DURACIÓN ACTIVIDAD | K20: CANTIDAD REALIZADA (Pernos, Malla, Shotcrete, Baldadas, Tiros, etc) | L20: UNIDAD | M20: LARGO PERFORACIÓN (m) (Actividades Jumbos) | N20: % AVANCE DE LA ACTIVIDAD | O20: DETALLE DE LA ACTIVIDAD | P20: PERDIDAS OPERACIONALES (PO) | Q20: HORA INICIO | R20: HORA TERMINO | S20: DURACIÓN INTERFERENCIA | U20: PONDERACIÓN CICLO | V20: MLB | W20: Baldadas | X20: Shotcrete
C21: =+Datos!R2 -> Ciclo Minero 10,0 x 7,2 m Galería Inyección Principal | D21: Extracción de Marina rebaje piso | E21: Minería | F21: G2-3500 | G21: Scoop XWD S-37 | H21: 0.41666667 | I21: 0.52083333 | J21: =MOD(I21-H21, 1) -> 0.10416667 | K21: 0 | M21: - | N21: 0 | O21: Extracción de marina de rebaje de piso | S21: =+MOD(R21-Q21,1) -> 0 | U21: =+IFERROR(VLOOKUP(D21,Datos!$R$3:$T$19,3,FALSE), "0") -> 0 | V21: =IF(OR(D21="Perforación de Fortificación", D21="Perforación de Avance", D21="Perforación Desquinche"), K21*M21, "") | W21: =IF(D21="Extracción de Marina Disparo",K21,"") | X21: =IF(OR(D21="Shotcrete", D21="Pre Shotcrete"), K21, "")
C22: =+C21 -> Ciclo Minero 10,0 x 7,2 m Galería Inyección Principal | D22: Escarpe de piso | E22: Minería | F22: G2-3500 | G22: Retroexcavadora RT-14 | H22: 0.52083333 | I22: 0.5625 | J22: =MOD(I22-H22, 1) -> 0.041666667 | K22: 0 | M22: 0 | N22: 0 | O22: Ewscarpe de piso | S22: =+MOD(R22-Q22,1) -> 0 | U22: =+IFERROR(VLOOKUP(D22,Datos!$R$3:$T$19,3,FALSE), "0") -> 0 | V22: =IF(OR(D22="Perforación de Fortificación", D22="Perforación de Avance", D22="Perforación Desquinche"), K22*M22, "") | W22: =IF(D22="Extracción de Marina Disparo",K22,"") | X22: =IF(OR(D22="Shotcrete", D22="Pre Shotcrete"), K22, "")
C23: =+C22 -> Ciclo Minero 10,0 x 7,2 m Galería Inyección Principal | D23: Perforación de Avance | E23: Minería | F23: G2-3500 | G23: Jumbo J-24 | H23: 0.57638889 | I23: 0.80555556 | J23: =MOD(I23-H23, 1) -> 0.22916667 | K23: =179+6 -> 185 | L23: Perf | M23: 3.8 | N23: 1 | S23: =+MOD(R23-Q23,1) -> 0 | U23: =+IFERROR(VLOOKUP(D23,Datos!$R$3:$T$19,3,FALSE), "0") -> 0.13519681 | V23: =IF(OR(D23="Perforación de Fortificación", D23="Perforación de Avance", D23="Perforación Desquinche"), K23*M23, "") -> 703 | W23: =IF(D23="Extracción de Marina Disparo",K23,"") | X23: =IF(OR(D23="Shotcrete", D23="Pre Shotcrete"), K23, "")
C24: =+C23 -> Ciclo Minero 10,0 x 7,2 m Galería Inyección Principal | S24: =+MOD(R24-Q24,1) -> 0 | U24: =+IFERROR(VLOOKUP(D24,Datos!$R$3:$T$19,3,FALSE), "0") -> 0 | V24: =IF(OR(D24="Perforación de Fortificación", D24="Perforación de Avance", D24="Perforación Desquinche"), K24*M24, "") | W24: =IF(D24="Extracción de Marina Disparo",K24,"") | X24: =IF(OR(D24="Shotcrete", D24="Pre Shotcrete"), K24, "")
C25: =+C24 -> Ciclo Minero 10,0 x 7,2 m Galería Inyección Principal | S25: =+MOD(R25-Q25,1) -> 0 | U25: =+IFERROR(VLOOKUP(D25,Datos!$R$3:$T$19,3,FALSE), "0") -> 0 | V25: =IF(OR(D25="Perforación de Fortificación", D25="Perforación de Avance", D25="Perforación Desquinche"), K25*M25, "") | W25: =IF(D25="Extracción de Marina Disparo",K25,"") | X25: =IF(OR(D25="Shotcrete", D25="Pre Shotcrete"), K25, "")
J26: =SUM(J21:J25) -> 0.375 | O26: Ajuste ( Marcación de avance) | S26: =+MOD(R26-Q26,1) -> 0 | U26: =+Datos!T17 -> 0.0057045066 | V26: =IF(OR(D26="Perforación de Fortificación", D26="Perforación de Avance", D26="Perforación Desquinche"), K26*M26, "") | W26: =IF(D26="Extracción de Marina Disparo",K26,"") | X26: =IF(OR(D26="Shotcrete", D26="Pre Shotcrete"), K26, "")
B27: Frente | C27: Galeria Auxiliar nodo 3700
B28: NIVEL | C28: POSTURA | D28: ACTIVIDAD | E28: DISCIPLINA | F28: RECURSO (CUADRILLA) | G28: EQUIPO ASIGNADO | H28: HORA INICIO | I28: HORA TERMINO | J28: DURACIÓN ACTIVIDAD | K28: CANTIDAD REALIZADA (Pernos, Malla, Shotcrete, Baldadas, Tiros, etc) | L28: UNIDAD | M28: LARGO PERFORACIÓN (m) (Actividades Jumbos) | N28: % AVANCE DE LA ACTIVIDAD | O28: DETALLE DE LA ACTIVIDAD | P28: INTERFERENCIAS REGISTRADAS | Q28: HORA INICIO | R28: HORA TERMINO | S28: DURACIÓN INTERFERENCIA | U28: PONDERACIÓN CICLO | V28: MLB | W28: Baldadas | X28: Baldadas
C29: =+Datos!R23 -> Ciclo Minero 5,2 x 5,6 m Galería Acceso Portal de Servicio | D29: Instalación de Malla | E29: Minería | F29: G2-3700 | G29: MT G-54 | H29: 0.41666667 | I29: 0.5 | J29: =MOD(I29-H29, 1) -> 0.083333333 | K29: =14.43*3.2 -> 46.176 | L29: m² | M29: 0 | N29: 1 | O29: Peri. Teorico 14,43 por avance de 3,2 m | S29: =+MOD(R29-Q29,1) -> 0 | U29: =+IFERROR(VLOOKUP(D29,Datos!$R$24:$T$40,3,FALSE), "0") -> 0.073313783 | V29: =IF(OR(D29="Perforación de Fortificación", D29="Perforación de Avance", D29="Perforación Desquinche"), K29*M29, "") | W29: =IF(D29="Extracción de Marina Disparo",K29,"") | X29: =IF(OR(D29="Shotcrete", D29="Pre Shotcrete"), K29, "")
C30: =+C29 -> Ciclo Minero 5,2 x 5,6 m Galería Acceso Portal de Servicio | D30: Limpieza de Pata | E30: Minería | F30: G2-3700 | G30: Retroexcavadora RT-14 | H30: 0.5 | I30: 0.58333333 | J30: =MOD(I30-H30, 1) -> 0.083333333 | K30: 0 | M30: 0 | N30: 1 | S30: =+MOD(R30-Q30,1) -> 0 | U30: =+IFERROR(VLOOKUP(D30,Datos!$R$24:$T$40,3,FALSE), "0") -> 0.0097751711 | V30: =IF(OR(D30="Perforación de Fortificación", D30="Perforación de Avance", D30="Perforación Desquinche"), K30*M30, "") | W30: =IF(D30="Extracción de Marina Disparo",K30,"") | X30: =IF(OR(D30="Shotcrete", D30="Pre Shotcrete"), K30, "")
C31: =+C30 -> Ciclo Minero 5,2 x 5,6 m Galería Acceso Portal de Servicio | D31: Topografía | E31: Minería | F31: G2-3700 | H31: 0.59722222 | I31: 0.625 | J31: =MOD(I31-H31, 1) -> 0.027777778 | K31: 0 | M31: 0 | N31: 1 | O31: Marcación disparo | S31: =+MOD(R31-Q31,1) -> 0 | U31: =+IFERROR(VLOOKUP(D31,Datos!$R$24:$T$40,3,FALSE), "0") -> 0.041055718 | V31: =IF(OR(D31="Perforación de Fortificación", D31="Perforación de Avance", D31="Perforación Desquinche"), K31*M31, "") | W31: =IF(D31="Extracción de Marina Disparo",K31,"") | X31: =IF(OR(D31="Shotcrete", D31="Pre Shotcrete"), K31, "")
C32: =+C31 -> Ciclo Minero 5,2 x 5,6 m Galería Acceso Portal de Servicio | D32: Perforación de Avance | E32: Minería | F32: G2-3700 | G32: Jumbo J-24 | H32: 0.625 | I32: 0.76388889 | J32: =MOD(I32-H32, 1) -> 0.13888889 | K32: 96 | L32: Tiros | M32: 3.8 | N32: 1 | S32: =+MOD(R32-Q32,1) -> 0 | U32: =+IFERROR(VLOOKUP(D32,Datos!$R$24:$T$40,3,FALSE), "0") -> 0.12609971 | V32: =IF(OR(D32="Perforación de Fortificación", D32="Perforación de Avance", D32="Perforación Desquinche"), K32*M32, "") -> 364.8 | W32: =IF(D32="Extracción de Marina Disparo",K32,"") | X32: =IF(OR(D32="Shotcrete", D32="Pre Shotcrete"), K32, "")
C33: =+C32 -> Ciclo Minero 5,2 x 5,6 m Galería Acceso Portal de Servicio | J33: =MOD(I33-H33, 1) -> 0 | O33: Ajuste de avance ahasta antes de cargar y quemar | S33: =+MOD(R33-Q33,1) -> 0 | U33: =+Datos!T36+Datos!T38 -> 0.080156403 | V33: =IF(OR(D33="Perforación de Fortificación", D33="Perforación de Avance", D33="Perforación Desquinche"), K33*M33, "") | W33: =IF(D33="Extracción de Marina Disparo",K33,"") | X33: =IF(OR(D33="Shotcrete", D33="Pre Shotcrete"), K33, "")
C34: =+C33 -> Ciclo Minero 5,2 x 5,6 m Galería Acceso Portal de Servicio | J34: =SUM(J29:J33) -> 0.33333333 | S34: =+MOD(R34-Q34,1) -> 0 | V34: =IF(OR(D34="Perforación de Fortificación", D34="Perforación de Avance", D34="Perforación Desquinche"), K34*M34, "") | W34: =IF(D34="Extracción de Marina Disparo",K34,"") | X34: =IF(OR(D34="Shotcrete", D34="Pre Shotcrete"), K34, "")
C36: KPI de Control Cuadrillas | G36: 3500 | I36: 3700 | K36: Total
C37: Cantidad de Cuadrillas Mineras | D37: =SUMPRODUCT((LEFT(F21:F33, 1)="C") / (COUNTIF(F21:F33, F21:F33 & "") + (F21:F33=""))) -> 0 | E37: Meta Horas Efectivas | G37: 0.26041667 | H37: % Cumplimiento | I37: 0.26041667 | J37: % Cumplimiento | K37: =+G37 -> 0.26041667 | L37: % Cumplimiento
C38: Cantidad de Cuadrillas OO.CC | D38: =SUMPRODUCT((LEFT(F21:F33, 1)="O") / (COUNTIF(F21:F33, F21:F33 & "") + (F21:F33=""))) -> 0 | E38: Horas Efectivas | G38: =SUM(J21:J26) -> 0.75 | H38: =+G38*24/($G$37*24) -> 2.88 | I38: =SUM(J29:J33) -> 0.33333333 | J38: =+I38*24/($I$37*24) -> 1.28 | K38: =AVERAGE(G38+I38)/2 -> 0.54166667 | L38: =+K38*24/($K$37*24) -> 2.08
E39: % Cumplimiento de Actividades | H39: =+AVERAGE(N21:N26) -> 0.33333333 | J39: =+AVERAGE(N29:N33) -> 1 | L39: =+AVERAGE(N21:N33) -> 0.71428571
H41: % AVANCE DE LA ACTIVIDAD | I41: AVANCE VENTA | J41: VALOR METRO LENEAL ($/m) | K41: AV. DISP (m) | L41: HH unitaria | M41: HH total
E42: % Av. 3700 | H42: =SUMPRODUCT(N29:N33 * U29:U33 * (N29:N33<>"") * (U29:U33<>"")) -> 0.25024438 | I42: =+H42*$J$42*$K$42 -> 5.6485161 | J42: 6.6 | K42: 3.42 | L42: 56.080976 | M42: =+L42*K42*H42 -> 47.996105
E43: % Av. 3500 | H43: =+SUMPRODUCT(N21:N26 * U21:U26 * (N21:N26<>"") * (U21:U26<>"")) -> 0.13519681 | I43: =+H43*$J$43*$K$43 -> 5.4560023 | J43: 11.8 | K43: 3.42 | L43: 118.52056 | M43: =+L43*K43*H43 -> 54.800714
E44: Viajes Mx Ton- km / viaje 3700 | I44: =+J44*K44 -> 0 | J44: =1892/1000000 -> 0.001892 | K44: =+((15*4.4)*2.72)*K31*0 -> 0 | L44: 0.016919982 | M44: =+L44*K44 -> 0
E45: Viajes Mx Ton- km / viaje 3500 | I45: =+J45*K45 -> 1.7291366 | J45: =+J44 -> 0.001892 | K45: =+((15*2.8)*2.72)*8 -> 913.92 | L45: 0.016909997 | M45: =+L45*K45 -> 15.454385
E46: Shotcrete m2 3700 | I46: =+J46*K46 -> 2.2084826 | J46: =25508/1000000 -> 0.025508 | K46: =14.43*6 -> 86.58 | L46: Item Obras adic. Sin hh
M47: =SUM(M42:M46) -> 118.2512
C48: KPI de Control Jumbos
C49: Cantidad de Jumbos | D49: =SUMPRODUCT((LEFT(G21:G33, 5)="Jumbo") / (COUNTIF(G21:G33, G21:G33 & "") + (G21:G33=""))) -> 1 | E49: Meta Horas Efectivas | G49: 0.20833333
E50: Meta MLB Turno (Promedio) | G50: =15000/(60) -> 250 | H50: % Cumpl
E51: Horas Efectivas Jumbos (Promedio) | G51: =+SUM(SUMIF($G$21:$G$33, "Jumbo*", $J$21:$J$33))/SUMPRODUCT((LEFT(G21:G33, 5)="Jumbo") / (COUNTIF(G21:G33, G21:G33 & "") + (G21:G33=""))) -> 0.36805556 | H51: =+G51*24/($G$49*24) -> 1.7666667
E52: Promedio MLB/Turno | G52: =+SUM(V21:V33)/D49 -> 1067.8 | H52: =+G52/G50 -> 4.2712
G53: MLB | H53: % Cumplimiento
F54: Jumbo 1 | G54: =SUMIF($G$21:$G$33, +F54,$V$21:$V$33) -> 0 | H54: =+G54/$G$50 -> 0
F55: Jumbo 2 | G55: =SUMIF($G$21:$G$33, +F55,$V$21:$V$33) -> 0 | H55: =+G55/$G$50 -> 0
F56: Jumbo 3 | G56: =SUMIF($G$21:$G$33, +F56,$V$21:$V$33) -> 0 | H56: =+G56/$G$50 -> 0
F57: Jumbo 4 | G57: =SUMIF($G$21:$G$33, +F57,$V$21:$V$33) -> 0 | H57: =+G57/$G$50 -> 0
F58: Jumbo 5 | G58: =SUMIF($G$21:$G$33, +F58,$V$21:$V$33) -> 0 | H58: =+G58/$G$50 -> 0
F59: Jumbo 6 | G59: =SUMIF($G$21:$G$33, +F59,$V$21:$V$33) -> 0 | H59: =+G59/$G$50 -> 0
F60: Total | G60: =+SUM(G54:G59) -> 0 | H60: =+G60/($G$50*$D$49) -> 0
C62: KPI de Control Scoop
C63: Cantidad de Scoop | D63: =SUMPRODUCT((LEFT(G21:G33, 5)="Scoop") / (COUNTIF(G21:G33, G21:G33 & "") + (G21:G33=""))) -> 1 | E63: Meta Horas Efectivas | G63: 0.20833333
C64: Capacidad Balde (m3) | D64: 4.9 | E64: Meta M3 Turno (Promedio) | G64: =15000/(60) -> 250 | H64: % Cumplimiento
E65: Horas Efectivas Scoop (Promedio) | G65: =+SUM(SUMIF($G$21:$G$33, "Scoop*", $J$21:$J$33))/SUMPRODUCT((LEFT(G21:G33, 5)="Scoop") / (COUNTIF(G21:G33, G21:G33 & "") + (G21:G33=""))) -> 0.10416667 | H65: =+G65*24/($G$63*24) -> 0.5
E66: Promedio M3/Turno | G66: =+SUM(W21:W33)*D64/D63 -> 0 | H66: =+G66/G64 -> 0
G67: M3 | H67: % Cumplimiento
F68: Scoop 1 | G68: =SUMIF($G$21:$G$33, +F68,$W$21:$W$33)*$D$64 -> 0 | H68: =+G68/$G$64 -> 0
F69: Scoop 2 | G69: =SUMIF($G$21:$G$33, +F69,$W$21:$W$33)*$D$64 -> 0 | H69: =+G69/$G$64 -> 0
F70: Scoop 3 | G70: =SUMIF($G$21:$G$33, +F70,$W$21:$W$33)*$D$64 -> 0 | H70: =+G70/$G$64 -> 0
F71: Scoop 4 | G71: =SUMIF($G$21:$G$33, +F71,$W$21:$W$33)*$D$64 -> 0 | H71: =+G71/$G$64 -> 0
F72: Scoop 5 | G72: =SUMIF($G$21:$G$33, +F72,$W$21:$W$33)*$D$64 -> 0 | H72: =+G72/$G$64 -> 0
F73: Scoop 6 | G73: =SUMIF($G$21:$G$33, +F73,$W$21:$W$33)*$D$64 -> 0 | H73: =+G73/$G$64 -> 0
F74: Total | G74: =+SUM(G68:G73) -> 0 | H74: =+G74/$G$64 -> 0
C76: KPI de Control Roboshot/Mixer
C77: Cantidad de Roboshot | D77: =SUMPRODUCT((LEFT(G21:G33, 8)="Roboshot") / (COUNTIF(G21:G33, G21:G33 & "") + (G21:G33=""))) -> 0 | E77: Meta Horas Efectivas | G77: 0.20833333
E78: Meta M3 Turno (Promedio) | G78: 12 | H78: % Cumplimiento
G80: M3 | H80: % Cumplimiento
F81: Roboshot 1 | G81: =SUMIF($G$21:$G$33, +F81,$X$21:$X$33) -> 0 | H81: =+G81/$G$78 -> 0
F82: Roboshot 2 | G82: =SUMIF($G$21:$G$33, +F82,$X$21:$X$33) -> 0 | H82: =+G82/$G$78 -> 0
F83: Roboshot 3 | G83: =SUMIF($G$21:$G$33, +F83,$X$21:$X$33) -> 0 | H83: =+G83/$G$78 -> 0
F84: Total | G84: =+SUM(G81:G83) -> 0 | H84: =+G84/$G$78 -> 0

Sheet 04-07B
S1: CODIGO:
E2: SISTEMA DE GESTION INTEGRADO
E3: REPORTE DIARIO DE ACTIVIDADES DEL TURNO | S3: REV. 0
S4: FECHA:
C6: Fecha: | K6: Promedio HH.EE Cuadrillas Mineria | M6: =+G38 -> 0.58333333
C7: Turno: | K7: Cumplimiento Actividades | M7: =+H39 -> 0.33333333
C8: Jefe de Turno: | J8: Resumen | K8: Total MLB | M8: =+G59 -> 0
C9: Grupo: | J9: de KPI | K9: Total M3 Marina | M9: =+G73 -> 0
K10: Total M3 Shotcrete | M10: =+G83 -> 0
K11: Total Avance en Ciclo Minero | M11: =+#REF! -> #REF!
K12: Total Dotación Turno | M12: =+D15+D16+D17+D18 -> 0
B14: DOTACION
B15: Minería | C15: Trabajadores | D15: =+K15+P15 -> 0 | H15: Electricistas | J15: Trabajadores | N15: Mecánicos | O15: Trabajadores
C16: Supervisores | D16: =+K16+P16 -> 0 | J16: Supervisores | O16: Supervisores
B17: OO.CC | C17: Trabajadores | D17: =+K17+P17 -> 0 | H17: Servicios | J17: Trabajadores | N17: Subcontratos | O17: Trabajadores
C18: Supervisores | D18: =+K18+P18 -> 0 | J18: Supervisores | O18: Supervisores
B19: Frente | C19: Gal. Inyec. Sur nodo 3500
B20: NIVEL | C20: POSTURA | D20: ACTIVIDAD | E20: DISCIPLINA | F20: RECURSO (CUADRILLA) | G20: EQUIPO ASIGNADO | H20: HORA INICIO | I20: HORA TERMINO | J20: DURACIÓN ACTIVIDAD | K20: CANTIDAD REALIZADA (Pernos, Malla, Shotcrete, Baldadas, Tiros, etc) | L20: UNIDAD | M20: LARGO PERFORACIÓN (m) (Actividades Jumbos) | N20: % AVANCE DE LA ACTIVIDAD | O20: DETALLE DE LA ACTIVIDAD | P20: PERDIDAS OPERACIONALES (PO) | Q20: HORA INICIO | R20: HORA TERMINO | S20: DURACIÓN INTERFERENCIA | U20: PONDERACIÓN CICLO | V20: MLB | W20: Baldadas | X20: Shotcrete
C21: =+Datos!$R$2 -> Ciclo Minero 10,0 x 7,2 m Galería Inyección Principal | D21: Limpieza de Pata | E21: Minería | F21: G2-3500 | G21: Retroexcavadora RT-14 | H21: 0.89583333 | I21: 0.91666667 | J21: =MOD(I21-H21, 1) -> 0.020833333 | K21: 0 | M21: - | N21: 0 | O21: No es parte del ciclo para este informe, en este informe la limpieza de pata va despues de ma marina. | S21: =+MOD(R21-Q21,1) -> 0 | U21: =+IFERROR(VLOOKUP(D21,Datos!$R$3:$T$19,3,FALSE), "0")*N21 -> 0 | V21: =IF(OR(D21="Perforación de Fortificación", D21="Perforación de Avance", D21="Perforación Desquinche"), K21*M21, "") | W21: =IF(D21="Extracción de Marina Disparo",K21,"") | X21: =IF(OR(D21="Shotcrete", D21="Pre Shotcrete"), K21, "")
C22: =+C21 -> Ciclo Minero 10,0 x 7,2 m Galería Inyección Principal | D22: Acuñadura Mecanizada | E22: Minería | F22: G2-3500 | G22: MT G-54 | H22: 0.93055556 | I22: 0.97222222 | J22: =MOD(I22-H22, 1) -> 0.041666667 | K22: 0 | M22: 0 | N22: 0 | O22: No es parte del ciclo para este informe, en este informe la acuñadura de pata va despues de ma marina. | S22: =+MOD(R22-Q22,1) -> 0 | U22: =+IFERROR(VLOOKUP(D22,Datos!$R$3:$T$19,3,FALSE), "0")*N22 -> 0 | V22: =IF(OR(D22="Perforación de Fortificación", D22="Perforación de Avance", D22="Perforación Desquinche"), K22*M22, "") | W22: =IF(D22="Extracción de Marina Disparo",K22,"") | X22: =IF(OR(D22="Shotcrete", D22="Pre Shotcrete"), K22, "")
C23: =+C22 -> Ciclo Minero 10,0 x 7,2 m Galería Inyección Principal | D23: Carguío | E23: Minería | F23: G2-3500 | G23: MT G-54 | H23: 0.97222222 | I23: 0.20138889 | J23: =MOD(I23-H23, 1) -> 0.22916667 | K23: =176+6 -> 182 | L23: Tiros | M23: 3.8 | N23: 1 | S23: =+MOD(R23-Q23,1) -> 0 | U23: =+IFERROR(VLOOKUP(D23,Datos!$R$3:$T$19,3,FALSE), "0") -> 0 | V23: =IF(OR(D23="Perforación de Fortificación", D23="Perforación de Avance", D23="Perforación Desquinche"), K23*M23, "") | W23: =IF(D23="Extracción de Marina Disparo",K23,"") | X23: =IF(OR(D23="Shotcrete", D23="Pre Shotcrete"), K23, "")
C24: =+C23 -> Ciclo Minero 10,0 x 7,2 m Galería Inyección Principal | S24: =+MOD(R24-Q24,1) -> 0 | U24: =+IFERROR(VLOOKUP(D24,Datos!$R$3:$T$19,3,FALSE), "0") -> 0 | V24: =IF(OR(D24="Perforación de Fortificación", D24="Perforación de Avance", D24="Perforación Desquinche"), K24*M24, "") | W24: =IF(D24="Extracción de Marina Disparo",K24,"") | X24: =IF(OR(D24="Shotcrete", D24="Pre Shotcrete"), K24, "")
C25: =+C24 -> Ciclo Minero 10,0 x 7,2 m Galería Inyección Principal | S25: =+MOD(R25-Q25,1) -> 0 | U25: =+IFERROR(VLOOKUP(D25,Datos!$R$3:$T$19,3,FALSE), "0") -> 0 | V25: =IF(OR(D25="Perforación de Fortificación", D25="Perforación de Avance", D25="Perforación Desquinche"), K25*M25, "") | W25: =IF(D25="Extracción de Marina Disparo",K25,"") | X25: =IF(OR(D25="Shotcrete", D25="Pre Shotcrete"), K25, "")
J26: =SUM(J21:J25) -> 0.29166667 | O26: Ajuste ( Marcación de avance) | S26: =+MOD(R26-Q26,1) -> 0 | U26: =+Datos!T17 -> 0.0057045066 | V26: =IF(OR(D26="Perforación de Fortificación", D26="Perforación de Avance", D26="Perforación Desquinche"), K26*M26, "") | W26: =IF(D26="Extracción de Marina Disparo",K26,"") | X26: =IF(OR(D26="Shotcrete", D26="Pre Shotcrete"), K26, "")
B27: Frente | C27: Galeria Auxiliar nodo 3700
B28: NIVEL | C28: POSTURA | D28: ACTIVIDAD | E28: DISCIPLINA | F28: RECURSO (CUADRILLA) | G28: EQUIPO ASIGNADO | H28: HORA INICIO | I28: HORA TERMINO | J28: DURACIÓN ACTIVIDAD | K28: CANTIDAD REALIZADA (Pernos, Malla, Shotcrete, Baldadas, Tiros, etc) | L28: UNIDAD | M28: LARGO PERFORACIÓN (m) (Actividades Jumbos) | N28: % AVANCE DE LA ACTIVIDAD | O28: DETALLE DE LA ACTIVIDAD | P28: INTERFERENCIAS REGISTRADAS | Q28: HORA INICIO | R28: HORA TERMINO | S28: DURACIÓN INTERFERENCIA | U28: PONDERACIÓN CICLO | V28: MLB | W28: Baldadas | X28: Baldadas
C29: =+Datos!R23 -> Ciclo Minero 5,2 x 5,6 m Galería Acceso Portal de Servicio | D29: Acuñadura Mecanizada | E29: Minería | F29: G2-3700 | G29: MT G-54 | H29: 0.89583333 | I29: 0.91666667 | J29: =MOD(I29-H29, 1) -> 0.020833333 | M29: 0 | N29: 0 | O29: Esto no cuenta pq no es parte del ciclo de este informe | S29: =+MOD(R29-Q29,1) -> 0 | U29: =+IFERROR(VLOOKUP(D29,Datos!$R$24:$T$40,3,FALSE), "0")*N29 -> 0 | V29: =IF(OR(D29="Perforación de Fortificación", D29="Perforación de Avance", D29="Perforación Desquinche"), K29*M29, "") | W29: =IF(D29="Extracción de Marina Disparo",K29,"") | X29: =IF(OR(D29="Shotcrete", D29="Pre Shotcrete"), K29, "")
C30: =+C29 -> Ciclo Minero 5,2 x 5,6 m Galería Acceso Portal de Servicio | D30: Limpieza de Pata | E30: Minería | F30: G2-3700 | G30: Roboshot RBT-14 | H30: 0.91666667 | I30: 0.9375 | J30: =MOD(I30-H30, 1) -> 0.020833333 | M30: 0 | N30: 1 | S30: =+MOD(R30-Q30,1) -> 0 | U30: =+IFERROR(VLOOKUP(D30,Datos!$R$24:$T$40,3,FALSE), "0") -> 0.0097751711 | V30: =IF(OR(D30="Perforación de Fortificación", D30="Perforación de Avance", D30="Perforación Desquinche"), K30*M30, "") | W30: =IF(D30="Extracción de Marina Disparo",K30,"") | X30: =IF(OR(D30="Shotcrete", D30="Pre Shotcrete"), K30, "")
C31: =+C30 -> Ciclo Minero 5,2 x 5,6 m Galería Acceso Portal de Servicio | D31: Carguío | E31: Minería | F31: G2-3700 | H31: 0.9375 | I31: 0.097222222 | J31: =MOD(I31-H31, 1) -> 0.15972222 | K31: 0 | M31: 0 | N31: 1 | S31: =+MOD(R31-Q31,1) -> 0 | U31: =+IFERROR(VLOOKUP(D31,Datos!$R$24:$T$40,3,FALSE), "0") -> 0 | V31: =IF(OR(D31="Perforación de Fortificación", D31="Perforación de Avance", D31="Perforación Desquinche"), K31*M31, "") | W31: =IF(D31="Extracción de Marina Disparo",K31,"") | X31: =IF(OR(D31="Shotcrete", D31="Pre Shotcrete"), K31, "")
C32: =+C31 -> Ciclo Minero 5,2 x 5,6 m Galería Acceso Portal de Servicio | D32: Extracción de Marina Disparo | E32: Minería | F32: G2-3700 | G32: Scoop ST1030 S-33 | H32: 0.097222222 | I32: 0.20833333 | J32: =MOD(I32-H32, 1) -> 0.11111111 | K32: 42 | L32: Baldadas | N32: 1 | S32: =+MOD(R32-Q32,1) -> 0 | U32: =+IFERROR(VLOOKUP(D32,Datos!$R$24:$T$40,3,FALSE), "0") -> 0.17399804 | V32: =IF(OR(D32="Perforación de Fortificación", D32="Perforación de Avance", D32="Perforación Desquinche"), K32*M32, "") | W32: =IF(D32="Extracción de Marina Disparo",K32,"") -> 42 | X32: =IF(OR(D32="Shotcrete", D32="Pre Shotcrete"), K32, "")
C33: =+C32 -> Ciclo Minero 5,2 x 5,6 m Galería Acceso Portal de Servicio | D33: Acuñadura Mecanizada | E33: Minería | F33: G2-3700 | G33: MT G-54 | H33: 0.20833333 | I33: 0.26388889 | J33: =MOD(I33-H33, 1) -> 0.055555556 | N33: 0.8 | S33: =+MOD(R33-Q33,1) -> 0 | U33: =+IFERROR(VLOOKUP(D33,Datos!$R$24:$T$40,3,FALSE), "0")*N33 -> 0.04457478 | V33: =IF(OR(D33="Perforación de Fortificación", D33="Perforación de Avance", D33="Perforación Desquinche"), K33*M33, "") | W33: =IF(D33="Extracción de Marina Disparo",K33,"") | X33: =IF(OR(D33="Shotcrete", D33="Pre Shotcrete"), K33, "")
C34: =+C33 -> Ciclo Minero 5,2 x 5,6 m Galería Acceso Portal de Servicio | J34: =SUM(J29:J33) -> 0.36805556 | O34: Ajuste de ciclo para la tronadura | S34: =+MOD(R34-Q34,1) -> 0 | V34: =IF(OR(D34="Perforación de Fortificación", D34="Perforación de Avance", D34="Perforación Desquinche"), K34*M34, "") | W34: =IF(D34="Extracción de Marina Disparo",K34,"") | X34: =IF(OR(D34="Shotcrete", D34="Pre Shotcrete"), K34, "")
C36: KPI de Control Cuadrillas | G36: 3500 | I36: 3700 | K36: Total
C37: Cantidad de Cuadrillas Mineras | D37: =SUMPRODUCT((LEFT(F21:F33, 1)="C") / (COUNTIF(F21:F33, F21:F33 & "") + (F21:F33=""))) -> 0 | E37: Meta Horas Efectivas | G37: 0.26041667 | H37: % Cumplimiento | I37: 0.26041667 | J37: % Cumplimiento | K37: =+G37 -> 0.26041667 | L37: % Cumplimiento
C38: Cantidad de Cuadrillas OO.CC | D38: =SUMPRODUCT((LEFT(F21:F33, 1)="O") / (COUNTIF(F21:F33, F21:F33 & "") + (F21:F33=""))) -> 0 | E38: Horas Efectivas | G38: =SUM(J21:J26) -> 0.58333333 | H38: =+G38*24/($G$37*24) -> 2.24 | I38: =SUM(J29:J33) -> 0.36805556 | J38: =+I38*24/($I$37*24) -> 1.4133333 | K38: =AVERAGE(G38+I38)/2 -> 0.47569444 | L38: =+K38*24/($K$37*24) -> 1.8266667
E39: % Cumplimiento de Actividades | H39: =+AVERAGE(N21:N26) -> 0.33333333 | J39: =+AVERAGE(N29:N33) -> 0.76 | L39: =+AVERAGE(N21:N33) -> 0.6
H41: % AVANCE DE LA ACTIVIDAD | I41: AVANCE VENTA | J41: VALOR METRO LENEAL ($/m) | K41: AV. DISP (m) | L41: HH unitaria | M41: HH total
E42: % Av. 3700 | H42: =SUMPRODUCT(N29:N33 * U29:U33 * (N29:N33<>"") * (U29:U33<>"")) -> 0.21943304 | I42: =+H42*$J$42*$K$42 -> 4.9530426 | J42: 6.6 | K42: 3.42 | L42: 56.080976 | M42: =+L42*K42*H42 -> 42.086585
E43: % Av. 3500 | H43: =+SUMPRODUCT(N21:N26 * U21:U26 * (N21:N26<>"") * (U21:U26<>"")) -> 0 | I43: =+H43*$J$43*$K$43 -> 0 | J43: 11.8 | K43: 3.42 | L43: 118.52056 | M43: =+L43*K43*H43 -> 0
E44: Viajes Mx Ton- km / viaje 3700 | I44: =+J44*K44 -> 0 | J44: =1892/1000000 -> 0.001892 | K44: =+((15*4.4)*2.72)*K31*0 -> 0 | L44: 0.016919982 | M44: =+L44*K44 -> 0
E45: Viajes Mx Ton- km / viaje 3500 | I45: =+J45*K45 -> 0 | J45: =+J44 -> 0.001892 | K45: =+((15*2.8)*2.72)*K32*0 -> 0 | L45: 0.016909997 | M45: =+L45*K45 -> 0
M46: =SUM(M42:M45) -> 42.086585
C47: KPI de Control Jumbos
C48: Cantidad de Jumbos | D48: =SUMPRODUCT((LEFT(G21:G33, 5)="Jumbo") / (COUNTIF(G21:G33, G21:G33 & "") + (G21:G33=""))) -> 0 | E48: Meta Horas Efectivas | G48: 0.20833333
E49: Meta MLB Turno (Promedio) | G49: =15000/(60) -> 250 | H49: % Cumpl
E50: Horas Efectivas Jumbos (Promedio) | G50: =+SUM(SUMIF($G$21:$G$33, "Jumbo*", $J$21:$J$33))/SUMPRODUCT((LEFT(G21:G33, 5)="Jumbo") / (COUNTIF(G21:G33, G21:G33 & "") + (G21:G33=""))) -> #DIV/0! | H50: =+G50*24/($G$48*24) -> #DIV/0!
E51: Promedio MLB/Turno | G51: =+SUM(V21:V33)/D48 -> #DIV/0! | H51: =+G51/G49 -> #DIV/0!
G52: MLB | H52: % Cumplimiento
F53: Jumbo 1 | G53: =SUMIF($G$21:$G$33, +F53,$V$21:$V$33) -> 0 | H53: =+G53/$G$49 -> 0
F54: Jumbo 2 | G54: =SUMIF($G$21:$G$33, +F54,$V$21:$V$33) -> 0 | H54: =+G54/$G$49 -> 0
F55: Jumbo 3 | G55: =SUMIF($G$21:$G$33, +F55,$V$21:$V$33) -> 0 | H55: =+G55/$G$49 -> 0
F56: Jumbo 4 | G56: =SUMIF($G$21:$G$33, +F56,$V$21:$V$33) -> 0 | H56: =+G56/$G$49 -> 0
F57: Jumbo 5 | G57: =SUMIF($G$21:$G$33, +F57,$V$21:$V$33) -> 0 | H57: =+G57/$G$49 -> 0
F58: Jumbo 6 | G58: =SUMIF($G$21:$G$33, +F58,$V$21:$V$33) -> 0 | H58: =+G58/$G$49 -> 0
F59: Total | G59: =+SUM(G53:G58) -> 0 | H59: =+G59/($G$49*$D$48) -> #DIV/0!
C61: KPI de Control Scoop
C62: Cantidad de Scoop | D62: =SUMPRODUCT((LEFT(G21:G33, 5)="Scoop") / (COUNTIF(G21:G33, G21:G33 & "") + (G21:G33=""))) -> 1 | E62: Meta Horas Efectivas | G62: 0.20833333
C63: Capacidad Balde (m3) | D63: 4.9 | E63: Meta M3 Turno (Promedio) | G63: =15000/(60) -> 250 | H63: % Cumplimiento
E64: Horas Efectivas Scoop (Promedio) | G64: =+SUM(SUMIF($G$21:$G$33, "Scoop*", $J$21:$J$33))/SUMPRODUCT((LEFT(G21:G33, 5)="Scoop") / (COUNTIF(G21:G33, G21:G33 & "") + (G21:G33=""))) -> 0.11111111 | H64: =+G64*24/($G$62*24) -> 0.53333333
E65: Promedio M3/Turno | G65: =+SUM(W21:W33)*D63/D62 -> 205.8 | H65: =+G65/G63 -> 0.8232
G66: M3 | H66: % Cumplimiento
F67: Scoop 1 | G67: =SUMIF($G$21:$G$33, +F67,$W$21:$W$33)*$D$63 -> 0 | H67: =+G67/$G$63 -> 0
F68: Scoop 2 | G68: =SUMIF($G$21:$G$33, +F68,$W$21:$W$33)*$D$63 -> 0 | H68: =+G68/$G$63 -> 0
F69: Scoop 3 | G69: =SUMIF($G$21:$G$33, +F69,$W$21:$W$33)*$D$63 -> 0 | H69: =+G69/$G$63 -> 0
F70: Scoop 4 | G70: =SUMIF($G$21:$G$33, +F70,$W$21:$W$33)*$D$63 -> 0 | H70: =+G70/$G$63 -> 0
F71: Scoop 5 | G71: =SUMIF($G$21:$G$33, +F71,$W$21:$W$33)*$D$63 -> 0 | H71: =+G71/$G$63 -> 0
F72: Scoop 6 | G72: =SUMIF($G$21:$G$33, +F72,$W$21:$W$33)*$D$63 -> 0 | H72: =+G72/$G$63 -> 0
F73: Total | G73: =+SUM(G67:G72) -> 0 | H73: =+G73/$G$63 -> 0
C75: KPI de Control Roboshot/Mixer
C76: Cantidad de Roboshot | D76: =SUMPRODUCT((LEFT(G21:G33, 8)="Roboshot") / (COUNTIF(G21:G33, G21:G33 & "") + (G21:G33=""))) -> 1 | E76: Meta Horas Efectivas | G76: 0.20833333
E77: Meta M3 Turno (Promedio) | G77: 12 | H77: % Cumplimiento
G79: M3 | H79: % Cumplimiento
F80: Roboshot 1 | G80: =SUMIF($G$21:$G$33, +F80,$X$21:$X$33) -> 0 | H80: =+G80/$G$77 -> 0
F81: Roboshot 2 | G81: =SUMIF($G$21:$G$33, +F81,$X$21:$X$33) -> 0 | H81: =+G81/$G$77 -> 0
F82: Roboshot 3 | G82: =SUMIF($G$21:$G$33, +F82,$X$21:$X$33) -> 0 | H82: =+G82/$G$77 -> 0
F83: Total | G83: =+SUM(G80:G82) -> 0 | H83: =+G83/$G$77 -> 0

Sheet 05-07A
S1: CODIGO:
E2: SISTEMA DE GESTION INTEGRADO
E3: REPORTE DIARIO DE ACTIVIDADES DEL TURNO | S3: REV. 0
S4: FECHA:
C6: Fecha: | K6: Promedio HH.EE Cuadrillas Mineria | M6: =+G38 -> 0.36111111
C7: Turno: | K7: Cumplimiento Actividades | M7: =+H39 -> 0
C8: Jefe de Turno: | J8: Resumen | K8: Total MLB | M8: =+G60 -> 0
C9: Grupo: | J9: de KPI | K9: Total M3 Marina | M9: =+G74 -> 0
K10: Total M3 Shotcrete | M10: =+G84 -> 0
K11: Total Avance en Ciclo Minero | M11: =+#REF! -> #REF!
K12: Total Dotación Turno | M12: =+D15+D16+D17+D18 -> 0
B14: DOTACION
B15: Minería | C15: Trabajadores | D15: =+K15+P15 -> 0 | H15: Electricistas | J15: Trabajadores | N15: Mecánicos | O15: Trabajadores
C16: Supervisores | D16: =+K16+P16 -> 0 | J16: Supervisores | O16: Supervisores
B17: OO.CC | C17: Trabajadores | D17: =+K17+P17 -> 0 | H17: Servicios | J17: Trabajadores | N17: Subcontratos | O17: Trabajadores
C18: Supervisores | D18: =+K18+P18 -> 0 | J18: Supervisores | O18: Supervisores
B19: Frente | C19: Gal. Inyec. Sur nodo 3500
B20: NIVEL | C20: POSTURA | D20: ACTIVIDAD | E20: DISCIPLINA | F20: RECURSO (CUADRILLA) | G20: EQUIPO ASIGNADO | H20: HORA INICIO | I20: HORA TERMINO | J20: DURACIÓN ACTIVIDAD | K20: CANTIDAD REALIZADA (Pernos, Malla, Shotcrete, Baldadas, Tiros, etc) | L20: UNIDAD | M20: LARGO PERFORACIÓN (m) (Actividades Jumbos) | N20: % AVANCE DE LA ACTIVIDAD | O20: DETALLE DE LA ACTIVIDAD | P20: PERDIDAS OPERACIONALES (PO) | Q20: HORA INICIO | R20: HORA TERMINO | S20: DURACIÓN INTERFERENCIA | U20: PONDERACIÓN CICLO | V20: MLB | W20: Baldadas | X20: Shotcrete
C21: Frotòn Drenaje | D21: Extracción de Marina Acopio | E21: Minería | F21: G2-3500 | G21: Scoop ST1030 S-33 | H21: 0.43055556 | I21: 0.52777778 | J21: =MOD(I21-H21, 1) -> 0.097222222 | K21: 21 | L21: Baldadas | M21: - | N21: 0 | O21: Solo se extrae merina para liberar frontòn drenaje. | S21: =+MOD(R21-Q21,1) -> 0 | U21: =+IFERROR(VLOOKUP(D21,Datos!$R$3:$T$19,3,FALSE), "0") -> 0 | V21: =IF(OR(D21="Perforación de Fortificación", D21="Perforación de Avance", D21="Perforación Desquinche"), K21*M21, "") | W21: =IF(D21="Extracción de Marina Disparo",K21,"") | X21: =IF(OR(D21="Shotcrete", D21="Pre Shotcrete"), K21, "")
C22: =+C21 -> Frotòn Drenaje | D22: Topografía | E22: Minería | F22: G2-3500 | G22: Retroexcavadora RT-14 | H22: 0.5625 | I22: 0.58333333 | J22: =MOD(I22-H22, 1) -> 0.020833333 | K22: 0 | M22: 0 | N22: 0 | O22: Marcaciòn de disparo en frontòn drenaje. | S22: =+MOD(R22-Q22,1) -> 0 | U22: =+IFERROR(VLOOKUP(D22,Datos!$R$3:$T$19,3,FALSE), "0") -> 0.034227039 | V22: =IF(OR(D22="Perforación de Fortificación", D22="Perforación de Avance", D22="Perforación Desquinche"), K22*M22, "") | W22: =IF(D22="Extracción de Marina Disparo",K22,"") | X22: =IF(OR(D22="Shotcrete", D22="Pre Shotcrete"), K22, "")
C23: =+C22 -> Frotòn Drenaje | D23: Saneamiento | E23: Minería | F23: G2-3500 | G23: MT G-55 | H23: 0.6875 | I23: 0.70833333 | J23: =MOD(I23-H23, 1) -> 0.020833333 | N23: 0 | O23: Saneamiento para perforaciòn | P23: Aislaciòn Codelco mina Subte. | Q23: 0.58333333 | R23: 0.66666667 | S23: =+MOD(R23-Q23,1) -> 0.083333333 | U23: =+IFERROR(VLOOKUP(D23,Datos!$R$3:$T$19,3,FALSE), "0") -> 0.034227039 | V23: =IF(OR(D23="Perforación de Fortificación", D23="Perforación de Avance", D23="Perforación Desquinche"), K23*M23, "") | W23: =IF(D23="Extracción de Marina Disparo",K23,"") | X23: =IF(OR(D23="Shotcrete", D23="Pre Shotcrete"), K23, "")
C24: =+C23 -> Frotòn Drenaje | D24: Perforación de Avance | E24: Minería | F24: G2-3500 | G24: Jumbo J-28 | H24: 0.70833333 | I24: 0.75 | J24: =MOD(I24-H24, 1) -> 0.041666667 | K24: 18 | L24: Perf | M24: 3.8 | N24: 0 | O24: El frontòn drenaje no genera venta. | S24: =+MOD(R24-Q24,1) -> 0 | U24: =+IFERROR(VLOOKUP(D24,Datos!$R$3:$T$19,3,FALSE), "0") -> 0.13519681 | V24: =IF(OR(D24="Perforación de Fortificación", D24="Perforación de Avance", D24="Perforación Desquinche"), K24*M24, "") -> 68.4 | W24: =IF(D24="Extracción de Marina Disparo",K24,"") | X24: =IF(OR(D24="Shotcrete", D24="Pre Shotcrete"), K24, "")
S25: =+MOD(R25-Q25,1) -> 0 | U25: =+IFERROR(VLOOKUP(D25,Datos!$R$3:$T$19,3,FALSE), "0") -> 0 | V25: =IF(OR(D25="Perforación de Fortificación", D25="Perforación de Avance", D25="Perforación Desquinche"), K25*M25, "") | W25: =IF(D25="Extracción de Marina Disparo",K25,"") | X25: =IF(OR(D25="Shotcrete", D25="Pre Shotcrete"), K25, "")
J26: =SUM(J21:J25) -> 0.18055556 | S26: =+MOD(R26-Q26,1) -> 0 | V26: =IF(OR(D26="Perforación de Fortificación", D26="Perforación de Avance", D26="Perforación Desquinche"), K26*M26, "") | W26: =IF(D26="Extracción de Marina Disparo",K26,"") | X26: =IF(OR(D26="Shotcrete", D26="Pre Shotcrete"), K26, "")
B27: Frente | C27: Galeria Auxiliar nodo 3700
B28: NIVEL | C28: POSTURA | D28: ACTIVIDAD | E28: DISCIPLINA | F28: RECURSO (CUADRILLA) | G28: EQUIPO ASIGNADO | H28: HORA INICIO | I28: HORA TERMINO | J28: DURACIÓN ACTIVIDAD | K28: CANTIDAD REALIZADA (Pernos, Malla, Shotcrete, Baldadas, Tiros, etc) | L28: UNIDAD | M28: LARGO PERFORACIÓN (m) (Actividades Jumbos) | N28: % AVANCE DE LA ACTIVIDAD | O28: DETALLE DE LA ACTIVIDAD | P28: INTERFERENCIAS REGISTRADAS | Q28: HORA INICIO | R28: HORA TERMINO | S28: DURACIÓN INTERFERENCIA | U28: PONDERACIÓN CICLO | V28: MLB | W28: Baldadas | X28: Baldadas
C29: =+Datos!R23 -> Ciclo Minero 5,2 x 5,6 m Galería Acceso Portal de Servicio | D29: Limpieza de Pata | E29: Minería | F29: G2-3700 | G29: Retroexcavadora RT-14 | H29: 0.39583333 | I29: 0.47916667 | J29: =MOD(I29-H29, 1) -> 0.083333333 | K29: 25 | L29: Baldadas | M29: 0 | N29: 1 | O29: - Limpieza de pata. - Extracciòn de lastre. | P29: Sin Scoop disponible en el 3700 | S29: =+MOD(R29-Q29,1) -> 0 | U29: =+IFERROR(VLOOKUP(D29,Datos!$R$24:$T$40,3,FALSE), "0") -> 0.0097751711 | V29: =IF(OR(D29="Perforación de Fortificación", D29="Perforación de Avance", D29="Perforación Desquinche"), K29*M29, "") | W29: =IF(D29="Extracción de Marina Disparo",K29,"") | X29: =IF(OR(D29="Shotcrete", D29="Pre Shotcrete"), K29, "")
C30: =+C29 -> Ciclo Minero 5,2 x 5,6 m Galería Acceso Portal de Servicio | D30: Topografía | E30: Minería | F30: G2-3700 | G30: Retroexcavadora RT-14 | H30: 0.5 | I30: 0.54166667 | J30: =MOD(I30-H30, 1) -> 0.041666667 | K30: 27 | L30: Pernos | M30: 0 | N30: 1 | O30: - Marcaciòn de frente. - Marcado de armada. (Conex. Portal Aux) | S30: =+MOD(R30-Q30,1) -> 0 | U30: =+IFERROR(VLOOKUP(D30,Datos!$R$24:$T$40,3,FALSE), "0") -> 0.041055718 | V30: =IF(OR(D30="Perforación de Fortificación", D30="Perforación de Avance", D30="Perforación Desquinche"), K30*M30, "") | W30: =IF(D30="Extracción de Marina Disparo",K30,"") | X30: =IF(OR(D30="Shotcrete", D30="Pre Shotcrete"), K30, "")
C31: =+C30 -> Ciclo Minero 5,2 x 5,6 m Galería Acceso Portal de Servicio | D31: Perforación de Fortificación | E31: Minería | F31: G2-3700 | G31: Jumbo J-24 | H31: 0.55555556 | I31: 0.65625 | J31: =MOD(I31-H31, 1) -> 0.10069444 | K31: 27 | L31: Pernos | M31: 3 | N31: 1 | P31: Generador con problemas | Q31: 0.57638889 | R31: 0.59722222 | S31: =+MOD(R31-Q31,1) -> 0.020833333 | U31: =+IFERROR(VLOOKUP(D31,Datos!$R$24:$T$40,3,FALSE), "0") -> 0.0742913 | V31: =IF(OR(D31="Perforación de Fortificación", D31="Perforación de Avance", D31="Perforación Desquinche"), K31*M31, "") -> 81 | W31: =IF(D31="Extracción de Marina Disparo",K31,"") | X31: =IF(OR(D31="Shotcrete", D31="Pre Shotcrete"), K31, "")
C32: =+C31 -> Ciclo Minero 5,2 x 5,6 m Galería Acceso Portal de Servicio | D32: Lechado de Pernos | E32: Minería | F32: G2-3700 | G32: MT G-54 | H32: 0.66666667 | I32: 0.75 | J32: =MOD(I32-H32, 1) -> 0.083333333 | K32: 27 | L32: Pernos | M32: 3 | N32: 1 | S32: =+MOD(R32-Q32,1) -> 0 | U32: =+IFERROR(VLOOKUP(D32,Datos!$R$24:$T$40,3,FALSE), "0") -> 0.14662757 | V32: =IF(OR(D32="Perforación de Fortificación", D32="Perforación de Avance", D32="Perforación Desquinche"), K32*M32, "") | W32: =IF(D32="Extracción de Marina Disparo",K32,"") | X32: =IF(OR(D32="Shotcrete", D32="Pre Shotcrete"), K32, "")
C33: =+C32 -> Ciclo Minero 5,2 x 5,6 m Galería Acceso Portal de Servicio | J33: =MOD(I33-H33, 1) -> 0 | O33: Ajuste de avance ahasta antes de cargar y quemar | S33: =+MOD(R33-Q33,1) -> 0 | U33: =+Datos!T27+Datos!T29+Datos!T31+Datos!T33 -> 0.14662757 | V33: =IF(OR(D33="Perforación de Fortificación", D33="Perforación de Avance", D33="Perforación Desquinche"), K33*M33, "") | W33: =IF(D33="Extracción de Marina Disparo",K33,"") | X33: =IF(OR(D33="Shotcrete", D33="Pre Shotcrete"), K33, "")
C34: =+C33 -> Ciclo Minero 5,2 x 5,6 m Galería Acceso Portal de Servicio | J34: =SUM(J29:J33) -> 0.30902778 | S34: =+MOD(R34-Q34,1) -> 0 | V34: =IF(OR(D34="Perforación de Fortificación", D34="Perforación de Avance", D34="Perforación Desquinche"), K34*M34, "") | W34: =IF(D34="Extracción de Marina Disparo",K34,"") | X34: =IF(OR(D34="Shotcrete", D34="Pre Shotcrete"), K34, "")
C36: KPI de Control Cuadrillas | G36: 3500 | I36: 3700 | K36: Total
C37: Cantidad de Cuadrillas Mineras | D37: =SUMPRODUCT((LEFT(F21:F33, 1)="C") / (COUNTIF(F21:F33, F21:F33 & "") + (F21:F33=""))) -> 0 | E37: Meta Horas Efectivas | G37: 0.26041667 | H37: % Cumplimiento | I37: 0.26041667 | J37: % Cumplimiento | K37: =+G37 -> 0.26041667 | L37: % Cumplimiento
C38: Cantidad de Cuadrillas OO.CC | D38: =SUMPRODUCT((LEFT(F21:F33, 1)="O") / (COUNTIF(F21:F33, F21:F33 & "") + (F21:F33=""))) -> 0 | E38: Horas Efectivas | G38: =SUM(J21:J26) -> 0.36111111 | H38: =+G38*24/($G$37*24) -> 1.3866667 | I38: =SUM(J29:J33) -> 0.30902778 | J38: =+I38*24/($I$37*24) -> 1.1866667 | K38: =AVERAGE(G38+I38)/2 -> 0.33506944 | L38: =+K38*24/($K$37*24) -> 1.2866667
E39: % Cumplimiento de Actividades | H39: =+AVERAGE(N21:N26) -> 0 | J39: =+AVERAGE(N29:N33) -> 1 | L39: =+AVERAGE(N21:N33) -> 0.5
H41: % AVANCE DE LA ACTIVIDAD | I41: AVANCE VENTA | J41: VALOR METRO LENEAL ($/m) | K41: AV. DISP (m) | L41: HH unitaria | M41: HH total
E42: % Av. 3700 | H42: =SUMPRODUCT(N29:N33 * U29:U33 * (N29:N33<>"") * (U29:U33<>"")) -> 0.27174976 | I42: =+H42*$J$42*$K$42 -> 6.1339355 | J42: 6.6 | K42: 3.42 | L42: 56.080976 | M42: =+L42*K42*H42 -> 52.120771
E43: % Av. 3500 | H43: =+SUMPRODUCT(N21:N26 * U21:U26 * (N21:N26<>"") * (U21:U26<>"")) -> 0 | I43: =+H43*$J$43*$K$43 -> 0 | J43: 11.8 | K43: 3.42 | L43: 118.52056 | M43: =+L43*K43*H43 -> 0
E44: Viajes Mx Ton- km / viaje 3700 | I44: =+J44*K44 -> 0 | J44: =1892/1000000 -> 0.001892 | K44: =+((15*4.4)*2.72)*K31*0 -> 0 | L44: 0.016919982 | M44: =+L44*K44 -> 0
E45: Viajes Mx Ton- km / viaje 3500 | I45: =+J45*K45 -> 3.0259891 | J45: =+J44 -> 0.001892 | K45: =+((15*2.8)*2.72)*14 -> 1599.36 | L45: 0.016909997 | M45: =+L45*K45 -> 27.045173
E46: Shotcrete m2 3700 | I46: =+J46*K46 -> 0 | J46: =25508/1000000 -> 0.025508 | K46: =14.43*0 -> 0 | L46: Item Obras adic. Sin hh
M47: =SUM(M42:M46) -> 79.165944
C48: KPI de Control Jumbos
C49: Cantidad de Jumbos | D49: =SUMPRODUCT((LEFT(G21:G33, 5)="Jumbo") / (COUNTIF(G21:G33, G21:G33 & "") + (G21:G33=""))) -> 2 | E49: Meta Horas Efectivas | G49: 0.20833333
E50: Meta MLB Turno (Promedio) | G50: =15000/(60) -> 250 | H50: % Cumpl
E51: Horas Efectivas Jumbos (Promedio) | G51: =+SUM(SUMIF($G$21:$G$33, "Jumbo*", $J$21:$J$33))/SUMPRODUCT((LEFT(G21:G33, 5)="Jumbo") / (COUNTIF(G21:G33, G21:G33 & "") + (G21:G33=""))) -> 0.071180556 | H51: =+G51*24/($G$49*24) -> 0.34166667
E52: Promedio MLB/Turno | G52: =+SUM(V21:V33)/D49 -> 74.7 | H52: =+G52/G50 -> 0.2988
G53: MLB | H53: % Cumplimiento
F54: Jumbo 1 | G54: =SUMIF($G$21:$G$33, +F54,$V$21:$V$33) -> 0 | H54: =+G54/$G$50 -> 0
F55: Jumbo 2 | G55: =SUMIF($G$21:$G$33, +F55,$V$21:$V$33) -> 0 | H55: =+G55/$G$50 -> 0
F56: Jumbo 3 | G56: =SUMIF($G$21:$G$33, +F56,$V$21:$V$33) -> 0 | H56: =+G56/$G$50 -> 0
F57: Jumbo 4 | G57: =SUMIF($G$21:$G$33, +F57,$V$21:$V$33) -> 0 | H57: =+G57/$G$50 -> 0
F58: Jumbo 5 | G58: =SUMIF($G$21:$G$33, +F58,$V$21:$V$33) -> 0 | H58: =+G58/$G$50 -> 0
F59: Jumbo 6 | G59: =SUMIF($G$21:$G$33, +F59,$V$21:$V$33) -> 0 | H59: =+G59/$G$50 -> 0
F60: Total | G60: =+SUM(G54:G59) -> 0 | H60: =+G60/($G$50*$D$49) -> 0
C62: KPI de Control Scoop
C63: Cantidad de Scoop | D63: =SUMPRODUCT((LEFT(G21:G33, 5)="Scoop") / (COUNTIF(G21:G33, G21:G33 & "") + (G21:G33=""))) -> 1 | E63: Meta Horas Efectivas | G63: 0.20833333
C64: Capacidad Balde (m3) | D64: 4.9 | E64: Meta M3 Turno (Promedio) | G64: =15000/(60) -> 250 | H64: % Cumplimiento
E65: Horas Efectivas Scoop (Promedio) | G65: =+SUM(SUMIF($G$21:$G$33, "Scoop*", $J$21:$J$33))/SUMPRODUCT((LEFT(G21:G33, 5)="Scoop") / (COUNTIF(G21:G33, G21:G33 & "") + (G21:G33=""))) -> 0.097222222 | H65: =+G65*24/($G$63*24) -> 0.46666667
E66: Promedio M3/Turno | G66: =+SUM(W21:W33)*D64/D63 -> 0 | H66: =+G66/G64 -> 0
G67: M3 | H67: % Cumplimiento
F68: Scoop 1 | G68: =SUMIF($G$21:$G$33, +F68,$W$21:$W$33)*$D$64 -> 0 | H68: =+G68/$G$64 -> 0
F69: Scoop 2 | G69: =SUMIF($G$21:$G$33, +F69,$W$21:$W$33)*$D$64 -> 0 | H69: =+G69/$G$64 -> 0
F70: Scoop 3 | G70: =SUMIF($G$21:$G$33, +F70,$W$21:$W$33)*$D$64 -> 0 | H70: =+G70/$G$64 -> 0
F71: Scoop 4 | G71: =SUMIF($G$21:$G$33, +F71,$W$21:$W$33)*$D$64 -> 0 | H71: =+G71/$G$64 -> 0
F72: Scoop 5 | G72: =SUMIF($G$21:$G$33, +F72,$W$21:$W$33)*$D$64 -> 0 | H72: =+G72/$G$64 -> 0
F73: Scoop 6 | G73: =SUMIF($G$21:$G$33, +F73,$W$21:$W$33)*$D$64 -> 0 | H73: =+G73/$G$64 -> 0
F74: Total | G74: =+SUM(G68:G73) -> 0 | H74: =+G74/$G$64 -> 0
C76: KPI de Control Roboshot/Mixer
C77: Cantidad de Roboshot | D77: =SUMPRODUCT((LEFT(G21:G33, 8)="Roboshot") / (COUNTIF(G21:G33, G21:G33 & "") + (G21:G33=""))) -> 0 | E77: Meta Horas Efectivas | G77: 0.20833333
E78: Meta M3 Turno (Promedio) | G78: 12 | H78: % Cumplimiento
G80: M3 | H80: % Cumplimiento
F81: Roboshot 1 | G81: =SUMIF($G$21:$G$33, +F81,$X$21:$X$33) -> 0 | H81: =+G81/$G$78 -> 0
F82: Roboshot 2 | G82: =SUMIF($G$21:$G$33, +F82,$X$21:$X$33) -> 0 | H82: =+G82/$G$78 -> 0
F83: Roboshot 3 | G83: =SUMIF($G$21:$G$33, +F83,$X$21:$X$33) -> 0 | H83: =+G83/$G$78 -> 0
F84: Total | G84: =+SUM(G81:G83) -> 0 | H84: =+G84/$G$78 -> 0

Sheet 05-07B
S1: CODIGO:
E2: SISTEMA DE GESTION INTEGRADO
E3: REPORTE DIARIO DE ACTIVIDADES DEL TURNO | S3: REV. 0
S4: FECHA:
C6: Fecha: | K6: Promedio HH.EE Cuadrillas Mineria | M6: =+G38 -> 0.65972222
C7: Turno: | K7: Cumplimiento Actividades | M7: =+H39 -> 0
C8: Jefe de Turno: | J8: Resumen | K8: Total MLB | M8: =+G60 -> 0
C9: Grupo: | J9: de KPI | K9: Total M3 Marina | M9: =+G74 -> 0
K10: Total M3 Shotcrete | M10: =+G84 -> 0
K11: Total Avance en Ciclo Minero | M11: =+#REF! -> #REF!
K12: Total Dotación Turno | M12: =+D15+D16+D17+D18 -> 0
B14: DOTACION
B15: Minería | C15: Trabajadores | D15: =+K15+P15 -> 0 | H15: Electricistas | J15: Trabajadores | N15: Mecánicos | O15: Trabajadores
C16: Supervisores | D16: =+K16+P16 -> 0 | J16: Supervisores | O16: Supervisores
B17: OO.CC | C17: Trabajadores | D17: =+K17+P17 -> 0 | H17: Servicios | J17: Trabajadores | N17: Subcontratos | O17: Trabajadores
C18: Supervisores | D18: =+K18+P18 -> 0 | J18: Supervisores | O18: Supervisores
B19: Frente | C19: Gal. Inyec. Sur nodo 3500
B20: NIVEL | C20: POSTURA | D20: ACTIVIDAD | E20: DISCIPLINA | F20: RECURSO (CUADRILLA) | G20: EQUIPO ASIGNADO | H20: HORA INICIO | I20: HORA TERMINO | J20: DURACIÓN ACTIVIDAD | K20: CANTIDAD REALIZADA (Pernos, Malla, Shotcrete, Baldadas, Tiros, etc) | L20: UNIDAD | M20: LARGO PERFORACIÓN (m) (Actividades Jumbos) | N20: % AVANCE DE LA ACTIVIDAD | O20: DETALLE DE LA ACTIVIDAD | P20: PERDIDAS OPERACIONALES (PO) | Q20: HORA INICIO | R20: HORA TERMINO | S20: DURACIÓN INTERFERENCIA | U20: PONDERACIÓN CICLO | V20: MLB | W20: Baldadas | X20: Shotcrete
C21: Frotòn Drenaje | D21: Perforación de Avance | E21: Minería | F21: G2-3500 | G21: Jumbo J-28 | H21: 0.90625 | I21: 0.041666667 | J21: =MOD(I21-H21, 1) -> 0.13541667 | K21: 80 | L21: Perf | M21: 3.8 | N21: 0 | O21: Se remata perforaciòn de disparo de turno A | S21: =+MOD(R21-Q21,1) -> 0 | U21: =+IFERROR(VLOOKUP(D21,Datos!$R$3:$T$19,3,FALSE), "0")*N21 -> 0 | V21: =IF(OR(D21="Perforación de Fortificación", D21="Perforación de Avance", D21="Perforación Desquinche"), K21*M21, "") -> 304 | W21: =IF(D21="Extracción de Marina Disparo",K21,"") | X21: =IF(OR(D21="Shotcrete", D21="Pre Shotcrete"), K21, "")
C22: =+C21 -> Frotòn Drenaje | D22: Limpieza de Pata | E22: Minería | F22: G2-3500 | G22: Retroexcavadora RT-14 | H22: 0.048611111 | I22: 0.083333333 | J22: =MOD(I22-H22, 1) -> 0.034722222 | K22: 0 | M22: 0 | N22: 0 | O22: Marcaciòn de disparo en frontòn drenaje. | S22: =+MOD(R22-Q22,1) -> 0 | U22: =+IFERROR(VLOOKUP(D22,Datos!$R$3:$T$19,3,FALSE), "0")*N22 -> 0 | V22: =IF(OR(D22="Perforación de Fortificación", D22="Perforación de Avance", D22="Perforación Desquinche"), K22*M22, "") | W22: =IF(D22="Extracción de Marina Disparo",K22,"") | X22: =IF(OR(D22="Shotcrete", D22="Pre Shotcrete"), K22, "")
C23: =+C22 -> Frotòn Drenaje | D23: Acuñadura Mecanizada | E23: Minería | F23: G2-3500 | G23: MT G-55 | H23: 0.083333333 | I23: 0.10416667 | J23: =MOD(I23-H23, 1) -> 0.020833333 | N23: 0 | S23: =+MOD(R23-Q23,1) -> 0 | U23: =+IFERROR(VLOOKUP(D23,Datos!$R$3:$T$19,3,FALSE), "0")*N23 -> 0 | V23: =IF(OR(D23="Perforación de Fortificación", D23="Perforación de Avance", D23="Perforación Desquinche"), K23*M23, "") | W23: =IF(D23="Extracción de Marina Disparo",K23,"") | X23: =IF(OR(D23="Shotcrete", D23="Pre Shotcrete"), K23, "")
C24: =+C23 -> Frotòn Drenaje | D24: Carguío | E24: Minería | F24: G2-3500 | G24: MT G-55 | H24: 0.11111111 | I24: 0.25 | J24: =MOD(I24-H24, 1) -> 0.13888889 | K24: 98 | L24: Tiros | M24: 3.8 | N24: 0 | S24: =+MOD(R24-Q24,1) -> 0 | U24: =+IFERROR(VLOOKUP(D24,Datos!$R$3:$T$19,3,FALSE), "0")*N24 -> 0 | V24: =IF(OR(D24="Perforación de Fortificación", D24="Perforación de Avance", D24="Perforación Desquinche"), K24*M24, "") | W24: =IF(D24="Extracción de Marina Disparo",K24,"") | X24: =IF(OR(D24="Shotcrete", D24="Pre Shotcrete"), K24, "")
S25: =+MOD(R25-Q25,1) -> 0 | U25: =+IFERROR(VLOOKUP(D25,Datos!$R$3:$T$19,3,FALSE), "0") -> 0 | V25: =IF(OR(D25="Perforación de Fortificación", D25="Perforación de Avance", D25="Perforación Desquinche"), K25*M25, "") | W25: =IF(D25="Extracción de Marina Disparo",K25,"") | X25: =IF(OR(D25="Shotcrete", D25="Pre Shotcrete"), K25, "")
J26: =SUM(J21:J25) -> 0.32986111 | O26: El frontòn drenaje no genera venta. | S26: =+MOD(R26-Q26,1) -> 0 | V26: =IF(OR(D26="Perforación de Fortificación", D26="Perforación de Avance", D26="Perforación Desquinche"), K26*M26, "") | W26: =IF(D26="Extracción de Marina Disparo",K26,"") | X26: =IF(OR(D26="Shotcrete", D26="Pre Shotcrete"), K26, "")
B27: Frente | C27: Galeria Auxiliar nodo 3700
B28: NIVEL | C28: POSTURA | D28: ACTIVIDAD | E28: DISCIPLINA | F28: RECURSO (CUADRILLA) | G28: EQUIPO ASIGNADO | H28: HORA INICIO | I28: HORA TERMINO | J28: DURACIÓN ACTIVIDAD | K28: CANTIDAD REALIZADA (Pernos, Malla, Shotcrete, Baldadas, Tiros, etc) | L28: UNIDAD | M28: LARGO PERFORACIÓN (m) (Actividades Jumbos) | N28: % AVANCE DE LA ACTIVIDAD | O28: DETALLE DE LA ACTIVIDAD | P28: INTERFERENCIAS REGISTRADAS | Q28: HORA INICIO | R28: HORA TERMINO | S28: DURACIÓN INTERFERENCIA | U28: PONDERACIÓN CICLO | V28: MLB | W28: Baldadas | X28: Baldadas
C29: =+Datos!R23 -> Ciclo Minero 5,2 x 5,6 m Galería Acceso Portal de Servicio | D29: Topografía | E29: Minería | F29: G2-3700 | H29: 0.91666667 | I29: 0.94444444 | J29: =MOD(I29-H29, 1) -> 0.027777778 | M29: 0 | N29: 1 | O29: Marcaciòn de frente portal auxiliar | S29: =+MOD(R29-Q29,1) -> 0 | U29: =+IFERROR(VLOOKUP(D29,Datos!$R$24:$T$40,3,FALSE), "0") -> 0.041055718 | V29: =IF(OR(D29="Perforación de Fortificación", D29="Perforación de Avance", D29="Perforación Desquinche"), K29*M29, "") | W29: =IF(D29="Extracción de Marina Disparo",K29,"") | X29: =IF(OR(D29="Shotcrete", D29="Pre Shotcrete"), K29, "")
C30: =+C29 -> Ciclo Minero 5,2 x 5,6 m Galería Acceso Portal de Servicio | D30: Instalación de Malla | E30: Minería | F30: G2-3700 | G30: MT G-54 | H30: 0.95833333 | I30: 0.0625 | J30: =MOD(I30-H30, 1) -> 0.10416667 | K30: =14.43*3.2 -> 46.176 | L30: m² | N30: 1 | O30: Se considera el perimetro teòrico màs el avance de 3,2 m. | S30: =+MOD(R30-Q30,1) -> 0 | U30: =+IFERROR(VLOOKUP(D30,Datos!$R$24:$T$40,3,FALSE), "0") -> 0.073313783 | V30: =IF(OR(D30="Perforación de Fortificación", D30="Perforación de Avance", D30="Perforación Desquinche"), K30*M30, "") | W30: =IF(D30="Extracción de Marina Disparo",K30,"") | X30: =IF(OR(D30="Shotcrete", D30="Pre Shotcrete"), K30, "")
C31: =+C30 -> Ciclo Minero 5,2 x 5,6 m Galería Acceso Portal de Servicio | D31: Limpieza de Pata | E31: Minería | F31: G2-3700 | G31: Retroexcavadora RT-14 | H31: 0.083333333 | I31: 0.125 | J31: =MOD(I31-H31, 1) -> 0.041666667 | N31: 1 | S31: =+MOD(R31-Q31,1) -> 0 | U31: =+IFERROR(VLOOKUP(D31,Datos!$R$24:$T$40,3,FALSE), "0") -> 0.0097751711 | V31: =IF(OR(D31="Perforación de Fortificación", D31="Perforación de Avance", D31="Perforación Desquinche"), K31*M31, "") | W31: =IF(D31="Extracción de Marina Disparo",K31,"") | X31: =IF(OR(D31="Shotcrete", D31="Pre Shotcrete"), K31, "")
C32: =+C31 -> Ciclo Minero 5,2 x 5,6 m Galería Acceso Portal de Servicio | D32: Perforación de Avance | E32: Minería | F32: G2-3700 | G32: Jumbo J-24 | H32: 0.14583333 | I32: 0.27083333 | J32: =MOD(I32-H32, 1) -> 0.125 | N32: 0 | P32: Generador F/S y Jumbo F/S Bomba compresor. | S32: =+MOD(R32-Q32,1) -> 0 | U32: =+IFERROR(VLOOKUP(D32,Datos!$R$24:$T$40,3,FALSE), "0")*N32 -> 0 | V32: =IF(OR(D32="Perforación de Fortificación", D32="Perforación de Avance", D32="Perforación Desquinche"), K32*M32, "") -> 0 | W32: =IF(D32="Extracción de Marina Disparo",K32,"") | X32: =IF(OR(D32="Shotcrete", D32="Pre Shotcrete"), K32, "")
C33: =+C32 -> Ciclo Minero 5,2 x 5,6 m Galería Acceso Portal de Servicio | J33: =MOD(I33-H33, 1) -> 0 | S33: =+MOD(R33-Q33,1) -> 0 | V33: =IF(OR(D33="Perforación de Fortificación", D33="Perforación de Avance", D33="Perforación Desquinche"), K33*M33, "") | W33: =IF(D33="Extracción de Marina Disparo",K33,"") | X33: =IF(OR(D33="Shotcrete", D33="Pre Shotcrete"), K33, "")
C34: =+C33 -> Ciclo Minero 5,2 x 5,6 m Galería Acceso Portal de Servicio | J34: =SUM(J29:J33) -> 0.29861111 | S34: =+MOD(R34-Q34,1) -> 0 | V34: =IF(OR(D34="Perforación de Fortificación", D34="Perforación de Avance", D34="Perforación Desquinche"), K34*M34, "") | W34: =IF(D34="Extracción de Marina Disparo",K34,"") | X34: =IF(OR(D34="Shotcrete", D34="Pre Shotcrete"), K34, "")
C36: KPI de Control Cuadrillas | G36: 3500 | I36: 3700 | K36: Total
C37: Cantidad de Cuadrillas Mineras | D37: =SUMPRODUCT((LEFT(F21:F33, 1)="C") / (COUNTIF(F21:F33, F21:F33 & "") + (F21:F33=""))) -> 0 | E37: Meta Horas Efectivas | G37: 0.26041667 | H37: % Cumplimiento | I37: 0.26041667 | J37: % Cumplimiento | K37: =+G37 -> 0.26041667 | L37: % Cumplimiento
C38: Cantidad de Cuadrillas OO.CC | D38: =SUMPRODUCT((LEFT(F21:F33, 1)="O") / (COUNTIF(F21:F33, F21:F33 & "") + (F21:F33=""))) -> 0 | E38: Horas Efectivas | G38: =SUM(J21:J26) -> 0.65972222 | H38: =+G38*24/($G$37*24) -> 2.5333333 | I38: =SUM(J29:J33) -> 0.29861111 | J38: =+I38*24/($I$37*24) -> 1.1466667 | K38: =AVERAGE(G38+I38)/2 -> 0.47916667 | L38: =+K38*24/($K$37*24) -> 1.84
E39: % Cumplimiento de Actividades | H39: =+AVERAGE(N21:N26) -> 0 | J39: =+AVERAGE(N29:N33) -> 0.75 | L39: =+AVERAGE(N21:N33) -> 0.375
H41: % AVANCE DE LA ACTIVIDAD | I41: AVANCE VENTA | J41: VALOR METRO LENEAL ($/m) | K41: AV. DISP (m) | L41: HH unitaria | M41: HH total
E42: % Av. 3700 | H42: =SUMPRODUCT(N29:N33 * U29:U33 * (N29:N33<>"") * (U29:U33<>"")) -> 0.12414467 | I42: =+H42*$J$42*$K$42 -> 2.8021935 | J42: 6.6 | K42: 3.42 | L42: 56.080976 | M42: =+L42*K42*H42 -> 23.810568
E43: % Av. 3500 | H43: =+SUMPRODUCT(N21:N26 * U21:U26 * (N21:N26<>"") * (U21:U26<>"")) -> 0 | I43: =+H43*$J$43*$K$43 -> 0 | J43: 11.8 | K43: 3.42 | L43: 118.52056 | M43: =+L43*K43*H43 -> 0
E44: Viajes Mx Ton- km / viaje 3700 | I44: =+J44*K44 -> 0 | J44: =1892/1000000 -> 0.001892 | K44: =+((15*4.4)*2.72)*K31*0 -> 0 | L44: 0.016919982 | M44: =+L44*K44 -> 0
E45: Viajes Mx Ton- km / viaje 3500 | I45: =+J45*K45 -> 0 | J45: =+J44 -> 0.001892 | K45: =+((15*2.8)*2.72)*0 -> 0 | L45: 0.016909997 | M45: =+L45*K45 -> 0
E46: Shotcrete m2 3700 | I46: =+J46*K46 -> 0 | J46: =25508/1000000 -> 0.025508 | K46: =14.43*0 -> 0 | L46: Item Obras adic. Sin hh
M47: =SUM(M42:M46) -> 23.810568
C48: KPI de Control Jumbos
C49: Cantidad de Jumbos | D49: =SUMPRODUCT((LEFT(G21:G33, 5)="Jumbo") / (COUNTIF(G21:G33, G21:G33 & "") + (G21:G33=""))) -> 2 | E49: Meta Horas Efectivas | G49: 0.20833333
E50: Meta MLB Turno (Promedio) | G50: =15000/(60) -> 250 | H50: % Cumpl
E51: Horas Efectivas Jumbos (Promedio) | G51: =+SUM(SUMIF($G$21:$G$33, "Jumbo*", $J$21:$J$33))/SUMPRODUCT((LEFT(G21:G33, 5)="Jumbo") / (COUNTIF(G21:G33, G21:G33 & "") + (G21:G33=""))) -> 0.13020833 | H51: =+G51*24/($G$49*24) -> 0.625
E52: Promedio MLB/Turno | G52: =+SUM(V21:V33)/D49 -> 152 | H52: =+G52/G50 -> 0.608
G53: MLB | H53: % Cumplimiento
F54: Jumbo 1 | G54: =SUMIF($G$21:$G$33, +F54,$V$21:$V$33) -> 0 | H54: =+G54/$G$50 -> 0
F55: Jumbo 2 | G55: =SUMIF($G$21:$G$33, +F55,$V$21:$V$33) -> 0 | H55: =+G55/$G$50 -> 0
F56: Jumbo 3 | G56: =SUMIF($G$21:$G$33, +F56,$V$21:$V$33) -> 0 | H56: =+G56/$G$50 -> 0
F57: Jumbo 4 | G57: =SUMIF($G$21:$G$33, +F57,$V$21:$V$33) -> 0 | H57: =+G57/$G$50 -> 0
F58: Jumbo 5 | G58: =SUMIF($G$21:$G$33, +F58,$V$21:$V$33) -> 0 | H58: =+G58/$G$50 -> 0
F59: Jumbo 6 | G59: =SUMIF($G$21:$G$33, +F59,$V$21:$V$33) -> 0 | H59: =+G59/$G$50 -> 0
F60: Total | G60: =+SUM(G54:G59) -> 0 | H60: =+G60/($G$50*$D$49) -> 0
C62: KPI de Control Scoop
C63: Cantidad de Scoop | D63: =SUMPRODUCT((LEFT(G21:G33, 5)="Scoop") / (COUNTIF(G21:G33, G21:G33 & "") + (G21:G33=""))) -> 0 | E63: Meta Horas Efectivas | G63: 0.20833333
C64: Capacidad Balde (m3) | D64: 4.9 | E64: Meta M3 Turno (Promedio) | G64: =15000/(60) -> 250 | H64: % Cumplimiento
E65: Horas Efectivas Scoop (Promedio) | G65: =+SUM(SUMIF($G$21:$G$33, "Scoop*", $J$21:$J$33))/SUMPRODUCT((LEFT(G21:G33, 5)="Scoop") / (COUNTIF(G21:G33, G21:G33 & "") + (G21:G33=""))) -> #DIV/0! | H65: =+G65*24/($G$63*24) -> #DIV/0!
E66: Promedio M3/Turno | G66: =+SUM(W21:W33)*D64/D63 -> #DIV/0! | H66: =+G66/G64 -> #DIV/0!
G67: M3 | H67: % Cumplimiento
F68: Scoop 1 | G68: =SUMIF($G$21:$G$33, +F68,$W$21:$W$33)*$D$64 -> 0 | H68: =+G68/$G$64 -> 0
F69: Scoop 2 | G69: =SUMIF($G$21:$G$33, +F69,$W$21:$W$33)*$D$64 -> 0 | H69: =+G69/$G$64 -> 0
F70: Scoop 3 | G70: =SUMIF($G$21:$G$33, +F70,$W$21:$W$33)*$D$64 -> 0 | H70: =+G70/$G$64 -> 0
F71: Scoop 4 | G71: =SUMIF($G$21:$G$33, +F71,$W$21:$W$33)*$D$64 -> 0 | H71: =+G71/$G$64 -> 0
F72: Scoop 5 | G72: =SUMIF($G$21:$G$33, +F72,$W$21:$W$33)*$D$64 -> 0 | H72: =+G72/$G$64 -> 0
F73: Scoop 6 | G73: =SUMIF($G$21:$G$33, +F73,$W$21:$W$33)*$D$64 -> 0 | H73: =+G73/$G$64 -> 0
F74: Total | G74: =+SUM(G68:G73) -> 0 | H74: =+G74/$G$64 -> 0
C76: KPI de Control Roboshot/Mixer
C77: Cantidad de Roboshot | D77: =SUMPRODUCT((LEFT(G21:G33, 8)="Roboshot") / (COUNTIF(G21:G33, G21:G33 & "") + (G21:G33=""))) -> 0 | E77: Meta Horas Efectivas | G77: 0.20833333
E78: Meta M3 Turno (Promedio) | G78: 12 | H78: % Cumplimiento
G80: M3 | H80: % Cumplimiento
F81: Roboshot 1 | G81: =SUMIF($G$21:$G$33, +F81,$X$21:$X$33) -> 0 | H81: =+G81/$G$78 -> 0
F82: Roboshot 2 | G82: =SUMIF($G$21:$G$33, +F82,$X$21:$X$33) -> 0 | H82: =+G82/$G$78 -> 0
F83: Roboshot 3 | G83: =SUMIF($G$21:$G$33, +F83,$X$21:$X$33) -> 0 | H83: =+G83/$G$78 -> 0
F84: Total | G84: =+SUM(G81:G83) -> 0 | H84: =+G84/$G$78 -> 0

Sheet 06-07A
S1: CODIGO:
E2: SISTEMA DE GESTION INTEGRADO
E3: REPORTE DIARIO DE ACTIVIDADES DEL TURNO | S3: REV. 0
S4: FECHA:
C6: Fecha: | K6: Promedio HH.EE Cuadrillas Mineria | M6: =+G38 -> 0.55555556
C7: Turno: | K7: Cumplimiento Actividades | M7: =+H39 -> 0.5
C8: Jefe de Turno: | J8: Resumen | K8: Total MLB | M8: =+G60 -> 0
C9: Grupo: | J9: de KPI | K9: Total M3 Marina | M9: =+G74 -> 0
K10: Total M3 Shotcrete | M10: =+G84 -> 0
K11: Total Avance en Ciclo Minero | M11: =+#REF! -> #REF!
K12: Total Dotación Turno | M12: =+D15+D16+D17+D18 -> 0
B14: DOTACION
B15: Minería | C15: Trabajadores | D15: =+K15+P15 -> 0 | H15: Electricistas | J15: Trabajadores | N15: Mecánicos | O15: Trabajadores
C16: Supervisores | D16: =+K16+P16 -> 0 | J16: Supervisores | O16: Supervisores
B17: OO.CC | C17: Trabajadores | D17: =+K17+P17 -> 0 | H17: Servicios | J17: Trabajadores | N17: Subcontratos | O17: Trabajadores
C18: Supervisores | D18: =+K18+P18 -> 0 | J18: Supervisores | O18: Supervisores
B19: Frente | C19: Gal. Inyec. Sur nodo 3500
B20: NIVEL | C20: POSTURA | D20: ACTIVIDAD | E20: DISCIPLINA | F20: RECURSO (CUADRILLA) | G20: EQUIPO ASIGNADO | H20: HORA INICIO | I20: HORA TERMINO | J20: DURACIÓN ACTIVIDAD | K20: CANTIDAD REALIZADA (Pernos, Malla, Shotcrete, Baldadas, Tiros, etc) | L20: UNIDAD | M20: LARGO PERFORACIÓN (m) (Actividades Jumbos) | N20: % AVANCE DE LA ACTIVIDAD | O20: DETALLE DE LA ACTIVIDAD | P20: PERDIDAS OPERACIONALES (PO) | Q20: HORA INICIO | R20: HORA TERMINO | S20: DURACIÓN INTERFERENCIA | U20: PONDERACIÓN CICLO | V20: MLB | W20: Baldadas | X20: Shotcrete
C21: =+Datos!$R$2 -> Ciclo Minero 10,0 x 7,2 m Galería Inyección Principal | D21: Extracción de Marina Disparo | E21: Minería | F21: G2-3500 | G21: Scoop ST1030 S-33 | H21: 0.45138889 | I21: 0.6875 | J21: =MOD(I21-H21, 1) -> 0.23611111 | K21: 54 | L21: Baldadas | M21: - | N21: 1 | S21: =+MOD(R21-Q21,1) -> 0 | U21: =+IFERROR(VLOOKUP(D21,Datos!$R$3:$T$19,3,FALSE), "0") -> 0.22475756 | V21: =IF(OR(D21="Perforación de Fortificación", D21="Perforación de Avance", D21="Perforación Desquinche"), K21*M21, "") | W21: =IF(D21="Extracción de Marina Disparo",K21,"") -> 54 | X21: =IF(OR(D21="Shotcrete", D21="Pre Shotcrete"), K21, "")
C22: =+C21 -> Ciclo Minero 10,0 x 7,2 m Galería Inyección Principal | D22: Acuñadura Mecanizada | E22: Minería | F22: G2-3500 | G22: MT G-55 | H22: 0.70833333 | I22: 0.75 | J22: =MOD(I22-H22, 1) -> 0.041666667 | N22: 1 | S22: =+MOD(R22-Q22,1) -> 0 | U22: =+IFERROR(VLOOKUP(D22,Datos!$R$3:$T$19,3,FALSE), "0") -> 0.042783799 | V22: =IF(OR(D22="Perforación de Fortificación", D22="Perforación de Avance", D22="Perforación Desquinche"), K22*M22, "") | W22: =IF(D22="Extracción de Marina Disparo",K22,"") | X22: =IF(OR(D22="Shotcrete", D22="Pre Shotcrete"), K22, "")
C23: =+C22 -> Ciclo Minero 10,0 x 7,2 m Galería Inyección Principal | J23: =MOD(I23-H23, 1) -> 0 | N23: 0 | S23: =+MOD(R23-Q23,1) -> 0 | U23: =+IFERROR(VLOOKUP(D23,Datos!$R$3:$T$19,3,FALSE), "0") -> 0 | V23: =IF(OR(D23="Perforación de Fortificación", D23="Perforación de Avance", D23="Perforación Desquinche"), K23*M23, "") | W23: =IF(D23="Extracción de Marina Disparo",K23,"") | X23: =IF(OR(D23="Shotcrete", D23="Pre Shotcrete"), K23, "")
C24: =+C23 -> Ciclo Minero 10,0 x 7,2 m Galería Inyección Principal | J24: =MOD(I24-H24, 1) -> 0 | N24: 0 | S24: =+MOD(R24-Q24,1) -> 0 | U24: =+IFERROR(VLOOKUP(D24,Datos!$R$3:$T$19,3,FALSE), "0") -> 0 | V24: =IF(OR(D24="Perforación de Fortificación", D24="Perforación de Avance", D24="Perforación Desquinche"), K24*M24, "") | W24: =IF(D24="Extracción de Marina Disparo",K24,"") | X24: =IF(OR(D24="Shotcrete", D24="Pre Shotcrete"), K24, "")
S25: =+MOD(R25-Q25,1) -> 0 | U25: =+IFERROR(VLOOKUP(D25,Datos!$R$3:$T$19,3,FALSE), "0") -> 0 | V25: =IF(OR(D25="Perforación de Fortificación", D25="Perforación de Avance", D25="Perforación Desquinche"), K25*M25, "") | W25: =IF(D25="Extracción de Marina Disparo",K25,"") | X25: =IF(OR(D25="Shotcrete", D25="Pre Shotcrete"), K25, "")
J26: =SUM(J21:J25) -> 0.27777778 | S26: =+MOD(R26-Q26,1) -> 0 | V26: =IF(OR(D26="Perforación de Fortificación", D26="Perforación de Avance", D26="Perforación Desquinche"), K26*M26, "") | W26: =IF(D26="Extracción de Marina Disparo",K26,"") | X26: =IF(OR(D26="Shotcrete", D26="Pre Shotcrete"), K26, "")
B27: Frente | C27: Galeria Auxiliar nodo 3700
B28: NIVEL | C28: POSTURA | D28: ACTIVIDAD | E28: DISCIPLINA | F28: RECURSO (CUADRILLA) | G28: EQUIPO ASIGNADO | H28: HORA INICIO | I28: HORA TERMINO | J28: DURACIÓN ACTIVIDAD | K28: CANTIDAD REALIZADA (Pernos, Malla, Shotcrete, Baldadas, Tiros, etc) | L28: UNIDAD | M28: LARGO PERFORACIÓN (m) (Actividades Jumbos) | N28: % AVANCE DE LA ACTIVIDAD | O28: DETALLE DE LA ACTIVIDAD | P28: INTERFERENCIAS REGISTRADAS | Q28: HORA INICIO | R28: HORA TERMINO | S28: DURACIÓN INTERFERENCIA | U28: PONDERACIÓN CICLO | V28: MLB | W28: Baldadas | X28: Baldadas
C29: =+Datos!R23 -> Ciclo Minero 5,2 x 5,6 m Galería Acceso Portal de Servicio | D29: Limpieza de Pata | E29: Minería | F29: G2-3700 | G29: Retroexcavadora RT-14 | H29: 0.39583333 | I29: 0.4375 | J29: =MOD(I29-H29, 1) -> 0.041666667 | M29: 0 | N29: 1 | S29: =+MOD(R29-Q29,1) -> 0 | U29: =+IFERROR(VLOOKUP(D29,Datos!$R$24:$T$40,3,FALSE), "0")*N29 -> 0.0097751711 | V29: =IF(OR(D29="Perforación de Fortificación", D29="Perforación de Avance", D29="Perforación Desquinche"), K29*M29, "") | W29: =IF(D29="Extracción de Marina Disparo",K29,"") | X29: =IF(OR(D29="Shotcrete", D29="Pre Shotcrete"), K29, "")
C30: =+C29 -> Ciclo Minero 5,2 x 5,6 m Galería Acceso Portal de Servicio | D30: Instalación de Malla | E30: Minería | F30: G2-3700 | G30: MT G-54 | H30: 0.4375 | I30: 0.5 | J30: =MOD(I30-H30, 1) -> 0.0625 | K30: 24 | L30: m² | M30: 0 | N30: 0 | O30: Saneamiento y reposición e instalación malla. No se considera malla , ya que se dio avance a la malla de fortificación en el turno anterior. Como dice es saneamiento y reposición. | S30: =+MOD(R30-Q30,1) -> 0 | U30: =+IFERROR(VLOOKUP(D30,Datos!$R$24:$T$40,3,FALSE), "0")*N30 -> 0 | V30: =IF(OR(D30="Perforación de Fortificación", D30="Perforación de Avance", D30="Perforación Desquinche"), K30*M30, "") | W30: =IF(D30="Extracción de Marina Disparo",K30,"") | X30: =IF(OR(D30="Shotcrete", D30="Pre Shotcrete"), K30, "")
C31: =+C30 -> Ciclo Minero 5,2 x 5,6 m Galería Acceso Portal de Servicio | D31: Perforación de Avance | E31: Minería | F31: G2-3700 | G31: Jumbo J-24 | H31: 0.59027778 | I31: 0.76736111 | J31: =MOD(I31-H31, 1) -> 0.17708333 | K31: 96 | L31: Perf | M31: 3.8 | N31: =96/112 -> 0.85714286 | O31: Solo falta escarear 6 perforaciónes | S31: =+MOD(R31-Q31,1) -> 0 | U31: =+IFERROR(VLOOKUP(D31,Datos!$R$24:$T$40,3,FALSE), "0")*N31 -> 0.10808546 | V31: =IF(OR(D31="Perforación de Fortificación", D31="Perforación de Avance", D31="Perforación Desquinche"), K31*M31, "") -> 364.8 | W31: =IF(D31="Extracción de Marina Disparo",K31,"") | X31: =IF(OR(D31="Shotcrete", D31="Pre Shotcrete"), K31, "")
C32: =+C31 -> Ciclo Minero 5,2 x 5,6 m Galería Acceso Portal de Servicio | J32: =MOD(I32-H32, 1) -> 0 | S32: =+MOD(R32-Q32,1) -> 0 | U32: =+IFERROR(VLOOKUP(D32,Datos!$R$24:$T$40,3,FALSE), "0")*N32 -> 0 | V32: =IF(OR(D32="Perforación de Fortificación", D32="Perforación de Avance", D32="Perforación Desquinche"), K32*M32, "") | W32: =IF(D32="Extracción de Marina Disparo",K32,"") | X32: =IF(OR(D32="Shotcrete", D32="Pre Shotcrete"), K32, "")
C33: =+C32 -> Ciclo Minero 5,2 x 5,6 m Galería Acceso Portal de Servicio | J33: =MOD(I33-H33, 1) -> 0 | N33: 1 | O33: Ajuste de avance hasta antes de cargar y quemar | S33: =+MOD(R33-Q33,1) -> 0 | U33: =+Datos!T36+Datos!T38 -> 0.080156403 | V33: =IF(OR(D33="Perforación de Fortificación", D33="Perforación de Avance", D33="Perforación Desquinche"), K33*M33, "") | W33: =IF(D33="Extracción de Marina Disparo",K33,"") | X33: =IF(OR(D33="Shotcrete", D33="Pre Shotcrete"), K33, "")
C34: =+C33 -> Ciclo Minero 5,2 x 5,6 m Galería Acceso Portal de Servicio | J34: =SUM(J29:J33) -> 0.28125 | S34: =+MOD(R34-Q34,1) -> 0 | V34: =IF(OR(D34="Perforación de Fortificación", D34="Perforación de Avance", D34="Perforación Desquinche"), K34*M34, "") | W34: =IF(D34="Extracción de Marina Disparo",K34,"") | X34: =IF(OR(D34="Shotcrete", D34="Pre Shotcrete"), K34, "")
C36: KPI de Control Cuadrillas | G36: 3500 | I36: 3700 | K36: Total
C37: Cantidad de Cuadrillas Mineras | D37: =SUMPRODUCT((LEFT(F21:F33, 1)="C") / (COUNTIF(F21:F33, F21:F33 & "") + (F21:F33=""))) -> 0 | E37: Meta Horas Efectivas | G37: 0.26041667 | H37: % Cumplimiento | I37: 0.26041667 | J37: % Cumplimiento | K37: =+G37 -> 0.26041667 | L37: % Cumplimiento
C38: Cantidad de Cuadrillas OO.CC | D38: =SUMPRODUCT((LEFT(F21:F33, 1)="O") / (COUNTIF(F21:F33, F21:F33 & "") + (F21:F33=""))) -> 0 | E38: Horas Efectivas | G38: =SUM(J21:J26) -> 0.55555556 | H38: =+G38*24/($G$37*24) -> 2.1333333 | I38: =SUM(J29:J33) -> 0.28125 | J38: =+I38*24/($I$37*24) -> 1.08 | K38: =AVERAGE(G38+I38)/2 -> 0.41840278 | L38: =+K38*24/($K$37*24) -> 1.6066667
E39: % Cumplimiento de Actividades | H39: =+AVERAGE(N21:N26) -> 0.5 | J39: =+AVERAGE(N29:N33) -> 0.71428571 | L39: =+AVERAGE(N21:N33) -> 0.60714286
H41: % AVANCE DE LA ACTIVIDAD | I41: AVANCE VENTA | J41: VALOR METRO LENEAL ($/m) | K41: AV. DISP (m) y Viajes Tolva | L41: HH unitaria | M41: HH total
E42: % Av. 3700 | H42: =SUMPRODUCT(N29:N33 * U29:U33 * (N29:N33<>"") * (U29:U33<>"")) -> 0.18257626 | I42: =+H42*$J$42*$K$42 -> 4.1211113 | J42: 6.6 | K42: 3.42 | L42: 56.080976 | M42: =+L42*K42*H42 -> 35.017567
E43: % Av. 3500 | H43: =+SUMPRODUCT(N21:N26 * U21:U26 * (N21:N26<>"") * (U21:U26<>"")) -> 0.26754136 | I43: =+H43*$J$43*$K$43 -> 10.796899 | J43: 11.8 | K43: 3.42 | L43: 118.52056 | M43: =+L43*K43*H43 -> 108.44529
E44: Viajes Mx Ton- km / viaje 3700 | I44: =+J44*K44 -> 6.7930368 | J44: =1892/1000000 -> 0.001892 | K44: =+((15*4.4)*2.72)*20 -> 3590.4 | L44: 0.016919982 | M44: =+L44*K44 -> 60.749503
E45: Viajes Mx Ton- km / viaje 3500 | I45: =+J45*K45 -> 0 | J45: =+J44 -> 0.001892 | K45: =+((15*2.8)*2.72)*0 -> 0 | L45: 0.016909997 | M45: =+L45*K45 -> 0
E46: Shotcrete m2 3700 | I46: =+J46*K46 -> 0 | J46: =25508/1000000 -> 0.025508 | K46: =14.43*0 -> 0 | L46: Item Obras adic. Sin hh
M47: =SUM(M42:M46) -> 204.21236
C48: KPI de Control Jumbos
C49: Cantidad de Jumbos | D49: =SUMPRODUCT((LEFT(G21:G33, 5)="Jumbo") / (COUNTIF(G21:G33, G21:G33 & "") + (G21:G33=""))) -> 1 | E49: Meta Horas Efectivas | G49: 0.20833333
E50: Meta MLB Turno (Promedio) | G50: =15000/(60) -> 250 | H50: % Cumpl
E51: Horas Efectivas Jumbos (Promedio) | G51: =+SUM(SUMIF($G$21:$G$33, "Jumbo*", $J$21:$J$33))/SUMPRODUCT((LEFT(G21:G33, 5)="Jumbo") / (COUNTIF(G21:G33, G21:G33 & "") + (G21:G33=""))) -> 0.17708333 | H51: =+G51*24/($G$49*24) -> 0.85
E52: Promedio MLB/Turno | G52: =+SUM(V21:V33)/D49 -> 364.8 | H52: =+G52/G50 -> 1.4592
G53: MLB | H53: % Cumplimiento
F54: Jumbo 1 | G54: =SUMIF($G$21:$G$33, +F54,$V$21:$V$33) -> 0 | H54: =+G54/$G$50 -> 0
F55: Jumbo 2 | G55: =SUMIF($G$21:$G$33, +F55,$V$21:$V$33) -> 0 | H55: =+G55/$G$50 -> 0
F56: Jumbo 3 | G56: =SUMIF($G$21:$G$33, +F56,$V$21:$V$33) -> 0 | H56: =+G56/$G$50 -> 0
F57: Jumbo 4 | G57: =SUMIF($G$21:$G$33, +F57,$V$21:$V$33) -> 0 | H57: =+G57/$G$50 -> 0
F58: Jumbo 5 | G58: =SUMIF($G$21:$G$33, +F58,$V$21:$V$33) -> 0 | H58: =+G58/$G$50 -> 0
F59: Jumbo 6 | G59: =SUMIF($G$21:$G$33, +F59,$V$21:$V$33) -> 0 | H59: =+G59/$G$50 -> 0
F60: Total | G60: =+SUM(G54:G59) -> 0 | H60: =+G60/($G$50*$D$49) -> 0
C62: KPI de Control Scoop
C63: Cantidad de Scoop | D63: =SUMPRODUCT((LEFT(G21:G33, 5)="Scoop") / (COUNTIF(G21:G33, G21:G33 & "") + (G21:G33=""))) -> 1 | E63: Meta Horas Efectivas | G63: 0.20833333
C64: Capacidad Balde (m3) | D64: 4.9 | E64: Meta M3 Turno (Promedio) | G64: =15000/(60) -> 250 | H64: % Cumplimiento
E65: Horas Efectivas Scoop (Promedio) | G65: =+SUM(SUMIF($G$21:$G$33, "Scoop*", $J$21:$J$33))/SUMPRODUCT((LEFT(G21:G33, 5)="Scoop") / (COUNTIF(G21:G33, G21:G33 & "") + (G21:G33=""))) -> 0.23611111 | H65: =+G65*24/($G$63*24) -> 1.1333333
E66: Promedio M3/Turno | G66: =+SUM(W21:W33)*D64/D63 -> 264.6 | H66: =+G66/G64 -> 1.0584
G67: M3 | H67: % Cumplimiento
F68: Scoop 1 | G68: =SUMIF($G$21:$G$33, +F68,$W$21:$W$33)*$D$64 -> 0 | H68: =+G68/$G$64 -> 0
F69: Scoop 2 | G69: =SUMIF($G$21:$G$33, +F69,$W$21:$W$33)*$D$64 -> 0 | H69: =+G69/$G$64 -> 0
F70: Scoop 3 | G70: =SUMIF($G$21:$G$33, +F70,$W$21:$W$33)*$D$64 -> 0 | H70: =+G70/$G$64 -> 0
F71: Scoop 4 | G71: =SUMIF($G$21:$G$33, +F71,$W$21:$W$33)*$D$64 -> 0 | H71: =+G71/$G$64 -> 0
F72: Scoop 5 | G72: =SUMIF($G$21:$G$33, +F72,$W$21:$W$33)*$D$64 -> 0 | H72: =+G72/$G$64 -> 0
F73: Scoop 6 | G73: =SUMIF($G$21:$G$33, +F73,$W$21:$W$33)*$D$64 -> 0 | H73: =+G73/$G$64 -> 0
F74: Total | G74: =+SUM(G68:G73) -> 0 | H74: =+G74/$G$64 -> 0
C76: KPI de Control Roboshot/Mixer
C77: Cantidad de Roboshot | D77: =SUMPRODUCT((LEFT(G21:G33, 8)="Roboshot") / (COUNTIF(G21:G33, G21:G33 & "") + (G21:G33=""))) -> 0 | E77: Meta Horas Efectivas | G77: 0.20833333
E78: Meta M3 Turno (Promedio) | G78: 12 | H78: % Cumplimiento
G80: M3 | H80: % Cumplimiento
F81: Roboshot 1 | G81: =SUMIF($G$21:$G$33, +F81,$X$21:$X$33) -> 0 | H81: =+G81/$G$78 -> 0
F82: Roboshot 2 | G82: =SUMIF($G$21:$G$33, +F82,$X$21:$X$33) -> 0 | H82: =+G82/$G$78 -> 0
F83: Roboshot 3 | G83: =SUMIF($G$21:$G$33, +F83,$X$21:$X$33) -> 0 | H83: =+G83/$G$78 -> 0
F84: Total | G84: =+SUM(G81:G83) -> 0 | H84: =+G84/$G$78 -> 0

Sheet 06-07B
S1: CODIGO:
E2: SISTEMA DE GESTION INTEGRADO
E3: REPORTE DIARIO DE ACTIVIDADES DEL TURNO | S3: REV. 0
S4: FECHA:
C6: Fecha: | K6: Promedio HH.EE Cuadrillas Mineria | M6: =+G39 -> 0.77083333
C7: Turno: | K7: Cumplimiento Actividades | M7: =+H40 -> 0.8362069
C8: Jefe de Turno: | J8: Resumen | K8: Total MLB | M8: =+G61 -> 0
C9: Grupo: | J9: de KPI | K9: Total M3 Marina | M9: =+G75 -> 0
K10: Total M3 Shotcrete | M10: =+G85 -> 0
K11: Total Avance en Ciclo Minero | M11: =+#REF! -> #REF!
K12: Total Dotación Turno | M12: =+D15+D16+D17+D18 -> 0
B14: DOTACION
B15: Minería | C15: Trabajadores | D15: =+K15+P15 -> 0 | H15: Electricistas | J15: Trabajadores | N15: Mecánicos | O15: Trabajadores
C16: Supervisores | D16: =+K16+P16 -> 0 | J16: Supervisores | O16: Supervisores
B17: OO.CC | C17: Trabajadores | D17: =+K17+P17 -> 0 | H17: Servicios | J17: Trabajadores | N17: Subcontratos | O17: Trabajadores
C18: Supervisores | D18: =+K18+P18 -> 0 | J18: Supervisores | O18: Supervisores
B19: Frente | C19: Gal. Inyec. Sur nodo 3500
B20: NIVEL | C20: POSTURA | D20: ACTIVIDAD | E20: DISCIPLINA | F20: RECURSO (CUADRILLA) | G20: EQUIPO ASIGNADO | H20: HORA INICIO | I20: HORA TERMINO | J20: DURACIÓN ACTIVIDAD | K20: CANTIDAD REALIZADA (Pernos, Malla, Shotcrete, Baldadas, Tiros, etc) | L20: UNIDAD | M20: LARGO PERFORACIÓN (m) (Actividades Jumbos) | N20: % AVANCE DE LA ACTIVIDAD | O20: DETALLE DE LA ACTIVIDAD | P20: PERDIDAS OPERACIONALES (PO) | Q20: HORA INICIO | R20: HORA TERMINO | S20: DURACIÓN INTERFERENCIA | U20: PONDERACIÓN CICLO | V20: MLB | W20: Baldadas | X20: Shotcrete
C21: =+Datos!$R$2 -> Ciclo Minero 10,0 x 7,2 m Galería Inyección Principal | D21: Limpieza de Pata | E21: Minería | F21: G2-3500 | G21: Retroexcavadora RT-14 | H21: 0.90972222 | I21: 0.9375 | J21: =MOD(I21-H21, 1) -> 0.027777778 | M21: - | N21: 1 | O21: - Marcación de fortificación portal inyrec. Sur. - Se marca pernos ojo galeria constructiva. | S21: =+MOD(R21-Q21,1) -> 0 | U21: =+IFERROR(VLOOKUP(D21,Datos!$R$3:$T$19,3,FALSE), "0")*N21 -> 0.0057045066 | V21: =IF(OR(D21="Perforación de Fortificación", D21="Perforación de Avance", D21="Perforación Desquinche"), K21*M21, "") | W21: =IF(D21="Extracción de Marina Disparo",K21,"") | X21: =IF(OR(D21="Shotcrete", D21="Pre Shotcrete"), K21, "")
C22: =+C21 -> Ciclo Minero 10,0 x 7,2 m Galería Inyección Principal | D22: Topografía | E22: Minería | F22: G2-3500 | H22: 0.92361111 | I22: 0.97916667 | J22: =MOD(I22-H22, 1) -> 0.055555556 | N22: 1 | S22: =+MOD(R22-Q22,1) -> 0 | U22: =+IFERROR(VLOOKUP(D22,Datos!$R$3:$T$19,3,FALSE), "0")*N22 -> 0.034227039 | V22: =IF(OR(D22="Perforación de Fortificación", D22="Perforación de Avance", D22="Perforación Desquinche"), K22*M22, "") | W22: =IF(D22="Extracción de Marina Disparo",K22,"") | X22: =IF(OR(D22="Shotcrete", D22="Pre Shotcrete"), K22, "")
C23: =+C22 -> Ciclo Minero 10,0 x 7,2 m Galería Inyección Principal | D23: Perforación de Fortificación | E23: Minería | F23: G2-3500 | G23: Jumbo J-28 | H23: 0.95833333 | I23: 0.14583333 | J23: =MOD(I23-H23, 1) -> 0.1875 | K23: 58 | L23: Perf | M23: 4 | N23: 1 | O23: - 16 perforaciiones depernos ojo y las 58 perforaciónes de fortificación | S23: =+MOD(R23-Q23,1) -> 0 | U23: =+IFERROR(VLOOKUP(D23,Datos!$R$3:$T$19,3,FALSE), "0")*N23 -> 0.086138049 | V23: =IF(OR(D23="Perforación de Fortificación", D23="Perforación de Avance", D23="Perforación Desquinche"), K23*M23, "") -> 232 | W23: =IF(D23="Extracción de Marina Disparo",K23,"") | X23: =IF(OR(D23="Shotcrete", D23="Pre Shotcrete"), K23, "")
C24: =+C23 -> Ciclo Minero 10,0 x 7,2 m Galería Inyección Principal | D24: Lechado de Pernos | E24: Minería | F24: G2-3500 | G24: MT G-55 | H24: 0.14583333 | I24: 0.26041667 | J24: =MOD(I24-H24, 1) -> 0.11458333 | K24: 20 | L24: Pernos | M24: 4 | N24: =20/58 -> 0.34482759 | O24: Lechado de pernos fortificación Gal. Iny. Sur | S24: =+MOD(R24-Q24,1) -> 0 | U24: =+IFERROR(VLOOKUP(D24,Datos!$R$3:$T$19,3,FALSE), "0")*N24 -> 0.061372622 | V24: =IF(OR(D24="Perforación de Fortificación", D24="Perforación de Avance", D24="Perforación Desquinche"), K24*M24, "") | W24: =IF(D24="Extracción de Marina Disparo",K24,"") | X24: =IF(OR(D24="Shotcrete", D24="Pre Shotcrete"), K24, "")
S25: =+MOD(R25-Q25,1) -> 0 | U25: =+IFERROR(VLOOKUP(D25,Datos!$R$3:$T$19,3,FALSE), "0") -> 0 | V25: =IF(OR(D25="Perforación de Fortificación", D25="Perforación de Avance", D25="Perforación Desquinche"), K25*M25, "") | W25: =IF(D25="Extracción de Marina Disparo",K25,"") | X25: =IF(OR(D25="Shotcrete", D25="Pre Shotcrete"), K25, "")
J26: =SUM(J21:J25) -> 0.38541667 | S26: =+MOD(R26-Q26,1) -> 0 | V26: =IF(OR(D26="Perforación de Fortificación", D26="Perforación de Avance", D26="Perforación Desquinche"), K26*M26, "") | W26: =IF(D26="Extracción de Marina Disparo",K26,"") | X26: =IF(OR(D26="Shotcrete", D26="Pre Shotcrete"), K26, "")
B27: Frente | C27: Galeria Auxiliar nodo 3700
B28: NIVEL | C28: POSTURA | D28: ACTIVIDAD | E28: DISCIPLINA | F28: RECURSO (CUADRILLA) | G28: EQUIPO ASIGNADO | H28: HORA INICIO | I28: HORA TERMINO | J28: DURACIÓN ACTIVIDAD | K28: CANTIDAD REALIZADA (Pernos, Malla, Shotcrete, Baldadas, Tiros, etc) | L28: UNIDAD | M28: LARGO PERFORACIÓN (m) (Actividades Jumbos) | N28: % AVANCE DE LA ACTIVIDAD | O28: DETALLE DE LA ACTIVIDAD | P28: INTERFERENCIAS REGISTRADAS | Q28: HORA INICIO | R28: HORA TERMINO | S28: DURACIÓN INTERFERENCIA | U28: PONDERACIÓN CICLO | V28: MLB | W28: Baldadas | X28: Baldadas
C29: =+Datos!R23 -> Ciclo Minero 5,2 x 5,6 m Galería Acceso Portal de Servicio | D29: Perforación de Avance | E29: Minería | F29: G2-3700 | G29: Jumbo J-24 | H29: 0.89583333 | I29: 0.9375 | J29: =MOD(I29-H29, 1) -> 0.041666667 | K29: 6 | L29: Perf | M29: 3.8 | N29: 0.14 | O29: 6 perforaciónes | S29: =+MOD(R29-Q29,1) -> 0 | U29: =+IFERROR(VLOOKUP(D29,Datos!$R$24:$T$40,3,FALSE), "0")*N29 -> 0.017653959 | V29: =IF(OR(D29="Perforación de Fortificación", D29="Perforación de Avance", D29="Perforación Desquinche"), K29*M29, "") -> 22.8 | W29: =IF(D29="Extracción de Marina Disparo",K29,"") | X29: =IF(OR(D29="Shotcrete", D29="Pre Shotcrete"), K29, "")
C30: =+C29 -> Ciclo Minero 5,2 x 5,6 m Galería Acceso Portal de Servicio | D30: Acuñadura Mecanizada | E30: Minería | F30: G2-3700 | G30: MT G-54 | H30: 0.9375 | I30: 0.95833333 | J30: =MOD(I30-H30, 1) -> 0.020833333 | N30: 0 | O30: No se da avance ya que el ciclo indica después de perforar, el carguío. | S30: =+MOD(R30-Q30,1) -> 0 | U30: =+IFERROR(VLOOKUP(D30,Datos!$R$24:$T$40,3,FALSE), "0")*N30 -> 0 | V30: =IF(OR(D30="Perforación de Fortificación", D30="Perforación de Avance", D30="Perforación Desquinche"), K30*M30, "") | W30: =IF(D30="Extracción de Marina Disparo",K30,"") | X30: =IF(OR(D30="Shotcrete", D30="Pre Shotcrete"), K30, "")
C31: =+C30 -> Ciclo Minero 5,2 x 5,6 m Galería Acceso Portal de Servicio | D31: Limpieza de Pata | E31: Minería | F31: G2-3700 | G31: Retroexcavadora RT-14 | H31: 0.95833333 | I31: 0.97916667 | J31: =MOD(I31-H31, 1) -> 0.020833333 | N31: 0 | O31: No se da avance ya que el ciclo indica después de perforar, el carguío. | S31: =+MOD(R31-Q31,1) -> 0 | U31: =+IFERROR(VLOOKUP(D31,Datos!$R$24:$T$40,3,FALSE), "0")*N31 -> 0 | V31: =IF(OR(D31="Perforación de Fortificación", D31="Perforación de Avance", D31="Perforación Desquinche"), K31*M31, "") | W31: =IF(D31="Extracción de Marina Disparo",K31,"") | X31: =IF(OR(D31="Shotcrete", D31="Pre Shotcrete"), K31, "")
C32: =+C31 -> Ciclo Minero 5,2 x 5,6 m Galería Acceso Portal de Servicio | D32: Carguío | E32: Minería | F32: G2-3700 | G32: MT G-54 | H32: 0.97916667 | I32: 0.125 | J32: =MOD(I32-H32, 1) -> 0.14583333 | N32: 1 | O32: Cargío y Tronadura | S32: =+MOD(R32-Q32,1) -> 0 | U32: =+IFERROR(VLOOKUP(D32,Datos!$R$24:$T$40,3,FALSE), "0")*N32 -> 0 | V32: =IF(OR(D32="Perforación de Fortificación", D32="Perforación de Avance", D32="Perforación Desquinche"), K32*M32, "") | W32: =IF(D32="Extracción de Marina Disparo",K32,"") | X32: =IF(OR(D32="Shotcrete", D32="Pre Shotcrete"), K32, "")
C33: =+C32 -> Ciclo Minero 5,2 x 5,6 m Galería Acceso Portal de Servicio | D33: Extracción de Marina Disparo | E33: Minería | F33: G2-3700 | G33: Scoop ST1030 S-33 | H33: 0.14583333 | I33: 0.25 | J33: =MOD(I33-H33, 1) -> 0.10416667 | K33: 43 | L33: Baldadas | N33: 1 | S33: =+MOD(R33-Q33,1) -> 0 | U33: =+IFERROR(VLOOKUP(D33,Datos!$R$24:$T$40,3,FALSE), "0")*N33 -> 0.17399804 | V33: =IF(OR(D33="Perforación de Fortificación", D33="Perforación de Avance", D33="Perforación Desquinche"), K33*M33, "") | W33: =IF(D33="Extracción de Marina Disparo",K33,"") -> 43 | X33: =IF(OR(D33="Shotcrete", D33="Pre Shotcrete"), K33, "")
C34: =+C32 -> Ciclo Minero 5,2 x 5,6 m Galería Acceso Portal de Servicio | S34: =+MOD(R34-Q34,1) -> 0 | V34: =IF(OR(D34="Perforación de Fortificación", D34="Perforación de Avance", D34="Perforación Desquinche"), K34*M34, "") | W34: =IF(D34="Extracción de Marina Disparo",K34,"") | X34: =IF(OR(D34="Shotcrete", D34="Pre Shotcrete"), K34, "")
C35: =+C33 -> Ciclo Minero 5,2 x 5,6 m Galería Acceso Portal de Servicio | J35: =SUM(J29:J33) -> 0.33333333 | S35: =+MOD(R35-Q35,1) -> 0 | V35: =IF(OR(D35="Perforación de Fortificación", D35="Perforación de Avance", D35="Perforación Desquinche"), K35*M35, "") | W35: =IF(D35="Extracción de Marina Disparo",K35,"") | X35: =IF(OR(D35="Shotcrete", D35="Pre Shotcrete"), K35, "")
C37: KPI de Control Cuadrillas | G37: 3500 | I37: 3700 | K37: Total
C38: Cantidad de Cuadrillas Mineras | D38: =SUMPRODUCT((LEFT(F21:F33, 1)="C") / (COUNTIF(F21:F33, F21:F33 & "") + (F21:F33=""))) -> 0 | E38: Meta Horas Efectivas | G38: 0.26041667 | H38: % Cumplimiento | I38: 0.26041667 | J38: % Cumplimiento | K38: =+G38 -> 0.26041667 | L38: % Cumplimiento
C39: Cantidad de Cuadrillas OO.CC | D39: =SUMPRODUCT((LEFT(F21:F33, 1)="O") / (COUNTIF(F21:F33, F21:F33 & "") + (F21:F33=""))) -> 0 | E39: Horas Efectivas | G39: =SUM(J21:J26) -> 0.77083333 | H39: =+G39*24/($G$38*24) -> 2.96 | I39: =SUM(J29:J33) -> 0.33333333 | J39: =+I39*24/($I$38*24) -> 1.28 | K39: =AVERAGE(G39+I39)/2 -> 0.55208333 | L39: =+K39*24/($K$38*24) -> 2.12
E40: % Cumplimiento de Actividades | H40: =+AVERAGE(N21:N26) -> 0.8362069 | J40: =+AVERAGE(N29:N33) -> 0.428 | L40: =+AVERAGE(N21:N33) -> 0.60942529
H42: % AVANCE DE LA ACTIVIDAD | I42: AVANCE VENTA | J42: VALOR METRO LENEAL ($/m) | K42: AV. DISP (m) y Viajes Tolva | L42: HH unitaria | M42: HH total
E43: % Av. 3700 | H43: =SUMPRODUCT(N29:N33 * U29:U33 * (N29:N33<>"") * (U29:U33<>"")) -> 0.1764696 | I43: =+H43*$J$43*$K$43 -> 3.9832718 | J43: 6.6 | K43: 3.42 | L43: 56.080976 | M43: =+L43*K43*H43 -> 33.846329
E44: % Av. 3500 | H44: =+SUMPRODUCT(N21:N26 * U21:U26 * (N21:N26<>"") * (U21:U26<>"")) -> 0.14723257 | I44: =+H44*$J$44*$K$44 -> 5.9417175 | J44: 11.8 | K44: 3.42 | L44: 118.52056 | M44: =+L44*K44*H44 -> 59.679293
E45: Viajes Mx Ton- km / viaje 3700 | I45: =+J45*K45 -> 0 | J45: =1892/1000000 -> 0.001892 | K45: =+((15*4.4)*2.72)*0 -> 0 | L45: 0.016919982 | M45: =+L45*K45 -> 0
E46: Viajes Mx Ton- km / viaje 3500 | I46: =+J46*K46 -> 0 | J46: =+J45 -> 0.001892 | K46: =+((15*2.8)*2.72)*0 -> 0 | L46: 0.016909997 | M46: =+L46*K46 -> 0
E47: Shotcrete m2 3700 | I47: =+J47*K47 -> 0 | J47: =25508/1000000 -> 0.025508 | K47: =14.43*0 -> 0 | L47: Item Obras adic. Sin hh
M48: =SUM(M43:M47) -> 93.525622
C49: KPI de Control Jumbos
C50: Cantidad de Jumbos | D50: =SUMPRODUCT((LEFT(G21:G33, 5)="Jumbo") / (COUNTIF(G21:G33, G21:G33 & "") + (G21:G33=""))) -> 2 | E50: Meta Horas Efectivas | G50: 0.20833333
E51: Meta MLB Turno (Promedio) | G51: =15000/(60) -> 250 | H51: % Cumpl
E52: Horas Efectivas Jumbos (Promedio) | G52: =+SUM(SUMIF($G$21:$G$33, "Jumbo*", $J$21:$J$33))/SUMPRODUCT((LEFT(G21:G33, 5)="Jumbo") / (COUNTIF(G21:G33, G21:G33 & "") + (G21:G33=""))) -> 0.11458333 | H52: =+G52*24/($G$50*24) -> 0.55
E53: Promedio MLB/Turno | G53: =+SUM(V21:V33)/D50 -> 127.4 | H53: =+G53/G51 -> 0.5096
G54: MLB | H54: % Cumplimiento
F55: Jumbo 1 | G55: =SUMIF($G$21:$G$33, +F55,$V$21:$V$33) -> 0 | H55: =+G55/$G$51 -> 0
F56: Jumbo 2 | G56: =SUMIF($G$21:$G$33, +F56,$V$21:$V$33) -> 0 | H56: =+G56/$G$51 -> 0
F57: Jumbo 3 | G57: =SUMIF($G$21:$G$33, +F57,$V$21:$V$33) -> 0 | H57: =+G57/$G$51 -> 0
F58: Jumbo 4 | G58: =SUMIF($G$21:$G$33, +F58,$V$21:$V$33) -> 0 | H58: =+G58/$G$51 -> 0
F59: Jumbo 5 | G59: =SUMIF($G$21:$G$33, +F59,$V$21:$V$33) -> 0 | H59: =+G59/$G$51 -> 0
F60: Jumbo 6 | G60: =SUMIF($G$21:$G$33, +F60,$V$21:$V$33) -> 0 | H60: =+G60/$G$51 -> 0
F61: Total | G61: =+SUM(G55:G60) -> 0 | H61: =+G61/($G$51*$D$50) -> 0
C63: KPI de Control Scoop
C64: Cantidad de Scoop | D64: =SUMPRODUCT((LEFT(G21:G33, 5)="Scoop") / (COUNTIF(G21:G33, G21:G33 & "") + (G21:G33=""))) -> 1 | E64: Meta Horas Efectivas | G64: 0.20833333
C65: Capacidad Balde (m3) | D65: 4.9 | E65: Meta M3 Turno (Promedio) | G65: =15000/(60) -> 250 | H65: % Cumplimiento
E66: Horas Efectivas Scoop (Promedio) | G66: =+SUM(SUMIF($G$21:$G$33, "Scoop*", $J$21:$J$33))/SUMPRODUCT((LEFT(G21:G33, 5)="Scoop") / (COUNTIF(G21:G33, G21:G33 & "") + (G21:G33=""))) -> 0.10416667 | H66: =+G66*24/($G$64*24) -> 0.5
E67: Promedio M3/Turno | G67: =+SUM(W21:W33)*D65/D64 -> 210.7 | H67: =+G67/G65 -> 0.8428
G68: M3 | H68: % Cumplimiento
F69: Scoop 1 | G69: =SUMIF($G$21:$G$33, +F69,$W$21:$W$33)*$D$65 -> 0 | H69: =+G69/$G$65 -> 0
F70: Scoop 2 | G70: =SUMIF($G$21:$G$33, +F70,$W$21:$W$33)*$D$65 -> 0 | H70: =+G70/$G$65 -> 0
F71: Scoop 3 | G71: =SUMIF($G$21:$G$33, +F71,$W$21:$W$33)*$D$65 -> 0 | H71: =+G71/$G$65 -> 0
F72: Scoop 4 | G72: =SUMIF($G$21:$G$33, +F72,$W$21:$W$33)*$D$65 -> 0 | H72: =+G72/$G$65 -> 0
F73: Scoop 5 | G73: =SUMIF($G$21:$G$33, +F73,$W$21:$W$33)*$D$65 -> 0 | H73: =+G73/$G$65 -> 0
F74: Scoop 6 | G74: =SUMIF($G$21:$G$33, +F74,$W$21:$W$33)*$D$65 -> 0 | H74: =+G74/$G$65 -> 0
F75: Total | G75: =+SUM(G69:G74) -> 0 | H75: =+G75/$G$65 -> 0
C77: KPI de Control Roboshot/Mixer
C78: Cantidad de Roboshot | D78: =SUMPRODUCT((LEFT(G21:G33, 8)="Roboshot") / (COUNTIF(G21:G33, G21:G33 & "") + (G21:G33=""))) -> 0 | E78: Meta Horas Efectivas | G78: 0.20833333
E79: Meta M3 Turno (Promedio) | G79: 12 | H79: % Cumplimiento
G81: M3 | H81: % Cumplimiento
F82: Roboshot 1 | G82: =SUMIF($G$21:$G$33, +F82,$X$21:$X$33) -> 0 | H82: =+G82/$G$79 -> 0
F83: Roboshot 2 | G83: =SUMIF($G$21:$G$33, +F83,$X$21:$X$33) -> 0 | H83: =+G83/$G$79 -> 0
F84: Roboshot 3 | G84: =SUMIF($G$21:$G$33, +F84,$X$21:$X$33) -> 0 | H84: =+G84/$G$79 -> 0
F85: Total | G85: =+SUM(G82:G84) -> 0 | H85: =+G85/$G$79 -> 0

Sheet 07-07A
S1: CODIGO:
E2: SISTEMA DE GESTION INTEGRADO
E3: REPORTE DIARIO DE ACTIVIDADES DEL TURNO | S3: REV. 0
S4: FECHA:
C6: Fecha: | K6: Promedio HH.EE Cuadrillas Mineria | M6: =+G39 -> 0.79166667
C7: Turno: | K7: Cumplimiento Actividades | M7: =+H40 -> 0.5637931
C8: Jefe de Turno: | J8: Resumen | K8: Total MLB | M8: =+G61 -> 0
C9: Grupo: | J9: de KPI | K9: Total M3 Marina | M9: =+G75 -> 0
K10: Total M3 Shotcrete | M10: =+G85 -> 0
K11: Total Avance en Ciclo Minero | M11: =+#REF! -> #REF!
K12: Total Dotación Turno | M12: =+D15+D16+D17+D18 -> 0
B14: DOTACION
B15: Minería | C15: Trabajadores | D15: =+K15+P15 -> 0 | H15: Electricistas | J15: Trabajadores | N15: Mecánicos | O15: Trabajadores
C16: Supervisores | D16: =+K16+P16 -> 0 | J16: Supervisores | O16: Supervisores
B17: OO.CC | C17: Trabajadores | D17: =+K17+P17 -> 0 | H17: Servicios | J17: Trabajadores | N17: Subcontratos | O17: Trabajadores
C18: Supervisores | D18: =+K18+P18 -> 0 | J18: Supervisores | O18: Supervisores
B19: Frente | C19: Gal. Inyec. Sur nodo 3500
B20: NIVEL | C20: POSTURA | D20: ACTIVIDAD | E20: DISCIPLINA | F20: RECURSO (CUADRILLA) | G20: EQUIPO ASIGNADO | H20: HORA INICIO | I20: HORA TERMINO | J20: DURACIÓN ACTIVIDAD | K20: CANTIDAD REALIZADA (Pernos, Malla, Shotcrete, Baldadas, Tiros, etc) | L20: UNIDAD | M20: LARGO PERFORACIÓN (m) (Actividades Jumbos) | N20: % AVANCE DE LA ACTIVIDAD | O20: DETALLE DE LA ACTIVIDAD | P20: PERDIDAS OPERACIONALES (PO) | Q20: HORA INICIO | R20: HORA TERMINO | S20: DURACIÓN INTERFERENCIA | U20: PONDERACIÓN CICLO | V20: MLB | W20: Baldadas | X20: Shotcrete
C21: =+Datos!$R$2 -> Ciclo Minero 10,0 x 7,2 m Galería Inyección Principal | D21: Lechado de Pernos | E21: Minería | F21: G2-3500 | G21: MT G-55 | H21: 0.5 | I21: 0.58333333 | J21: =MOD(I21-H21, 1) -> 0.083333333 | K21: 38 | L21: Pernos | M21: 4 | N21: =38/58 -> 0.65517241 | O21: Lechado de pernos fortificación Gal. Iny. Sur, completación de secuencia turno anterior | S21: =+MOD(R21-Q21,1) -> 0 | U21: =+IFERROR(VLOOKUP(D21,Datos!$R$3:$T$19,3,FALSE), "0")*N21 -> 0.11660798 | V21: =IF(OR(D21="Perforación de Fortificación", D21="Perforación de Avance", D21="Perforación Desquinche"), K21*M21, "") | W21: =IF(D21="Extracción de Marina Disparo",K21,"") | X21: =IF(OR(D21="Shotcrete", D21="Pre Shotcrete"), K21, "")
C22: =+C21 -> Ciclo Minero 10,0 x 7,2 m Galería Inyección Principal | D22: Lechado de Pernos | E22: Minería | F22: G2-3500 | G22: MT G-55 | H22: 0.58333333 | I22: 0.625 | J22: =MOD(I22-H22, 1) -> 0.041666667 | K22: 16 | L22: Pernos | M22: 1.5 | N22: 0 | O22: Lechado de peronos ojo para ventilador | S22: =+MOD(R22-Q22,1) -> 0 | U22: =+IFERROR(VLOOKUP(D22,Datos!$R$3:$T$19,3,FALSE), "0")*N22 -> 0 | V22: =IF(OR(D22="Perforación de Fortificación", D22="Perforación de Avance", D22="Perforación Desquinche"), K22*M22, "") | W22: =IF(D22="Extracción de Marina Disparo",K22,"") | X22: =IF(OR(D22="Shotcrete", D22="Pre Shotcrete"), K22, "")
C23: =+C22 -> Ciclo Minero 10,0 x 7,2 m Galería Inyección Principal | D23: Perforación de Fortificación | E23: Minería | F23: G2-3500 | G23: Jumbo J-28 | H23: 0.95833333 | I23: 0.14583333 | J23: =MOD(I23-H23, 1) -> 0.1875 | K23: 58 | L23: Perf | M23: 4 | N23: 1 | O23: - 16 perforaciiones depernos ojo y las 58 perforaciónes de fortificación | S23: =+MOD(R23-Q23,1) -> 0 | U23: =+IFERROR(VLOOKUP(D23,Datos!$R$3:$T$19,3,FALSE), "0")*N23 -> 0.086138049 | V23: =IF(OR(D23="Perforación de Fortificación", D23="Perforación de Avance", D23="Perforación Desquinche"), K23*M23, "") -> 232 | W23: =IF(D23="Extracción de Marina Disparo",K23,"") | X23: =IF(OR(D23="Shotcrete", D23="Pre Shotcrete"), K23, "")
C24: =+C23 -> Ciclo Minero 10,0 x 7,2 m Galería Inyección Principal | D24: Extracción de Marina Acopio | E24: Minería | F24: G2-3500 | G24: Scoop ST1030 S-33 | H24: 0.66666667 | I24: 0.75 | J24: =MOD(I24-H24, 1) -> 0.083333333 | K24: 28 | L24: Baldadas | N24: 0.6 | S24: =+MOD(R24-Q24,1) -> 0 | U24: =+IFERROR(VLOOKUP(D24,Datos!$R$3:$T$19,3,FALSE), "0")*N24 -> 0 | V24: =IF(OR(D24="Perforación de Fortificación", D24="Perforación de Avance", D24="Perforación Desquinche"), K24*M24, "") | W24: =IF(D24="Extracción de Marina Disparo",K24,"") | X24: =IF(OR(D24="Shotcrete", D24="Pre Shotcrete"), K24, "")
S25: =+MOD(R25-Q25,1) -> 0 | U25: =+IFERROR(VLOOKUP(D25,Datos!$R$3:$T$19,3,FALSE), "0") -> 0 | V25: =IF(OR(D25="Perforación de Fortificación", D25="Perforación de Avance", D25="Perforación Desquinche"), K25*M25, "") | W25: =IF(D25="Extracción de Marina Disparo",K25,"") | X25: =IF(OR(D25="Shotcrete", D25="Pre Shotcrete"), K25, "")
J26: =SUM(J21:J25) -> 0.39583333 | S26: =+MOD(R26-Q26,1) -> 0 | V26: =IF(OR(D26="Perforación de Fortificación", D26="Perforación de Avance", D26="Perforación Desquinche"), K26*M26, "") | W26: =IF(D26="Extracción de Marina Disparo",K26,"") | X26: =IF(OR(D26="Shotcrete", D26="Pre Shotcrete"), K26, "")
B27: Frente | C27: Galeria Auxiliar nodo 3700
B28: NIVEL | C28: POSTURA | D28: ACTIVIDAD | E28: DISCIPLINA | F28: RECURSO (CUADRILLA) | G28: EQUIPO ASIGNADO | H28: HORA INICIO | I28: HORA TERMINO | J28: DURACIÓN ACTIVIDAD | K28: CANTIDAD REALIZADA (Pernos, Malla, Shotcrete, Baldadas, Tiros, etc) | L28: UNIDAD | M28: LARGO PERFORACIÓN (m) (Actividades Jumbos) | N28: % AVANCE DE LA ACTIVIDAD | O28: DETALLE DE LA ACTIVIDAD | P28: INTERFERENCIAS REGISTRADAS | Q28: HORA INICIO | R28: HORA TERMINO | S28: DURACIÓN INTERFERENCIA | U28: PONDERACIÓN CICLO | V28: MLB | W28: Baldadas | X28: Baldadas
C29: =+Datos!R23 -> Ciclo Minero 5,2 x 5,6 m Galería Acceso Portal de Servicio | D29: Acuñadura Mecanizada | E29: Minería | F29: G2-3700 | G29: Acuñador AM-07 | H29: 0.39583333 | I29: 0.45833333 | J29: =MOD(I29-H29, 1) -> 0.0625 | N29: 1 | P29: FS por elemento suelto | Q29: 0.41666667 | R29: 0.4375 | S29: =MOD(R29-Q29, 1) -> 0.020833333 | U29: =+IFERROR(VLOOKUP(D29,Datos!$R$24:$T$40,3,FALSE), "0")*N29 -> 0.055718475 | V29: =IF(OR(D29="Perforación de Fortificación", D29="Perforación de Avance", D29="Perforación Desquinche"), K29*M29, "") | W29: =IF(D29="Extracción de Marina Disparo",K29,"") | X29: =IF(OR(D29="Shotcrete", D29="Pre Shotcrete"), K29, "")
C30: =+C29 -> Ciclo Minero 5,2 x 5,6 m Galería Acceso Portal de Servicio | D30: Limpieza de Pata | E30: Minería | F30: G2-3700 | G30: Retroexcavadora RT-14 | H30: 0.45833333 | I30: 0.54166667 | J30: =MOD(I30-H30, 1) -> 0.083333333 | N30: 1 | O30: Mucho volumne de roca demora el proceso, si LHD en el 3700 S37 F/S. | S30: =+MOD(R30-Q30,1) -> 0 | U30: =+IFERROR(VLOOKUP(D30,Datos!$R$24:$T$40,3,FALSE), "0")*N30 -> 0.0097751711 | V30: =IF(OR(D30="Perforación de Fortificación", D30="Perforación de Avance", D30="Perforación Desquinche"), K30*M30, "") | W30: =IF(D30="Extracción de Marina Disparo",K30,"") | X30: =IF(OR(D30="Shotcrete", D30="Pre Shotcrete"), K30, "")
C31: =+C30 -> Ciclo Minero 5,2 x 5,6 m Galería Acceso Portal de Servicio | D31: Topografía | E31: Minería | F31: G2-3700 | G31: Retroexcavadora RT-14 | H31: 0.54166667 | I31: 0.58333333 | J31: =MOD(I31-H31, 1) -> 0.041666667 | N31: 1 | O31: Marcación de armada conexión Portal Auxiliar. | S31: =+MOD(R31-Q31,1) -> 0 | U31: =+IFERROR(VLOOKUP(D31,Datos!$R$24:$T$40,3,FALSE), "0")*N31 -> 0.041055718 | V31: =IF(OR(D31="Perforación de Fortificación", D31="Perforación de Avance", D31="Perforación Desquinche"), K31*M31, "") | W31: =IF(D31="Extracción de Marina Disparo",K31,"") | X31: =IF(OR(D31="Shotcrete", D31="Pre Shotcrete"), K31, "")
C32: =+C31 -> Ciclo Minero 5,2 x 5,6 m Galería Acceso Portal de Servicio | D32: Perforación de Avance | E32: Minería | F32: G2-3700 | G32: Jumbo J-24 | H32: 0.65972222 | I32: 0.70833333 | J32: =MOD(I32-H32, 1) -> 0.048611111 | K32: 15 | L32: Perf | M32: 3.8 | N32: 0.3 | O32: Perforación avance solo 15 unidades. | S32: =+MOD(R32-Q32,1) -> 0 | U32: =+IFERROR(VLOOKUP(D32,Datos!$R$24:$T$40,3,FALSE), "0")*N32 -> 0.037829912 | V32: =IF(OR(D32="Perforación de Fortificación", D32="Perforación de Avance", D32="Perforación Desquinche"), K32*M32, "") -> 57 | W32: =IF(D32="Extracción de Marina Disparo",K32,"") | X32: =IF(OR(D32="Shotcrete", D32="Pre Shotcrete"), K32, "")
C33: =+C32 -> Ciclo Minero 5,2 x 5,6 m Galería Acceso Portal de Servicio | D33: Perforación de Fortificación | E33: Minería | F33: G2-3700 | G33: Jumbo J-24 | H33: 0.70833333 | I33: 0.75 | J33: =MOD(I33-H33, 1) -> 0.041666667 | K33: 15 | L33: Perf | M33: 3.8 | N33: 0.3 | O33: Perforación fortificación | S33: =+MOD(R33-Q33,1) -> 0 | U33: =+IFERROR(VLOOKUP(D33,Datos!$R$24:$T$40,3,FALSE), "0")*N33 -> 0.02228739 | V33: =IF(OR(D33="Perforación de Fortificación", D33="Perforación de Avance", D33="Perforación Desquinche"), K33*M33, "") -> 57 | W33: =IF(D33="Extracción de Marina Disparo",K33,"") | X33: =IF(OR(D33="Shotcrete", D33="Pre Shotcrete"), K33, "")
C34: =+C32 -> Ciclo Minero 5,2 x 5,6 m Galería Acceso Portal de Servicio | S34: =+MOD(R34-Q34,1) -> 0 | V34: =IF(OR(D34="Perforación de Fortificación", D34="Perforación de Avance", D34="Perforación Desquinche"), K34*M34, "") | W34: =IF(D34="Extracción de Marina Disparo",K34,"") | X34: =IF(OR(D34="Shotcrete", D34="Pre Shotcrete"), K34, "")
C35: =+C33 -> Ciclo Minero 5,2 x 5,6 m Galería Acceso Portal de Servicio | J35: =SUM(J29:J33) -> 0.27777778 | N35: 1 | O35: Diferencial del ciclo entre limpieza de pata y topografía | S35: =+MOD(R35-Q35,1) -> 0 | U35: =+Datos!T27 -> 0.058651026 | V35: =IF(OR(D35="Perforación de Fortificación", D35="Perforación de Avance", D35="Perforación Desquinche"), K35*M35, "") | W35: =IF(D35="Extracción de Marina Disparo",K35,"") | X35: =IF(OR(D35="Shotcrete", D35="Pre Shotcrete"), K35, "")
C37: KPI de Control Cuadrillas | G37: 3500 | I37: 3700 | K37: Total
C38: Cantidad de Cuadrillas Mineras | D38: =SUMPRODUCT((LEFT(F21:F33, 1)="C") / (COUNTIF(F21:F33, F21:F33 & "") + (F21:F33=""))) -> 0 | E38: Meta Horas Efectivas | G38: 0.26041667 | H38: % Cumplimiento | I38: 0.26041667 | J38: % Cumplimiento | K38: =+G38 -> 0.26041667 | L38: % Cumplimiento
C39: Cantidad de Cuadrillas OO.CC | D39: =SUMPRODUCT((LEFT(F21:F33, 1)="O") / (COUNTIF(F21:F33, F21:F33 & "") + (F21:F33=""))) -> 0 | E39: Horas Efectivas | G39: =SUM(J21:J26) -> 0.79166667 | H39: =+G39*24/($G$38*24) -> 3.04 | I39: =SUM(J29:J33) -> 0.27777778 | J39: =+I39*24/($I$38*24) -> 1.0666667 | K39: =AVERAGE(G39+I39)/2 -> 0.53472222 | L39: =+K39*24/($K$38*24) -> 2.0533333
E40: % Cumplimiento de Actividades | H40: =+AVERAGE(N21:N26) -> 0.5637931 | J40: =+AVERAGE(N29:N33) -> 0.72 | L40: =+AVERAGE(N21:N33) -> 0.65057471
H42: % AVANCE DE LA ACTIVIDAD | I42: AVANCE VENTA | J42: VALOR METRO LENEAL ($/m) | K42: AV. DISP (m) y Viajes Tolva | L42: HH unitaria | M42: HH total
E43: % Av. 3700 | H43: =SUMPRODUCT(N29:N35 * U29:U35 * (N29:N35<>"") * (U29:U35<>"")) -> 0.18323558 | I43: =+H43*$J$43*$K$43 -> 4.1359935 | J43: 6.6 | K43: 3.42 | L43: 56.080976 | M43: =+L43*K43*H43 -> 35.144023
E44: % Av. 3500 | H44: =+SUMPRODUCT(N21:N26 * U21:U26 * (N21:N26<>"") * (U21:U26<>"")) -> 0.16253638 | I44: =+H44*$J$44*$K$44 -> 6.5593182 | J44: 11.8 | K44: 3.42 | L44: 118.52056 | M44: =+L44*K44*H44 -> 65.882546
E45: Viajes Mx Ton- km / viaje 3700 | I45: =+J45*K45 -> 6.1137331 | J45: =1892/1000000 -> 0.001892 | K45: =+((15*4.4)*2.72)*18 -> 3231.36 | L45: 0.016919982 | M45: =+L45*K45 -> 54.674553
E46: Viajes Mx Ton- km / viaje 3500 | I46: =+J46*K46 -> 0 | J46: =+J45 -> 0.001892 | K46: =+((15*2.8)*2.72)*0 -> 0 | L46: 0.016909997 | M46: =+L46*K46 -> 0
E47: Shotcrete m2 3700 | I47: =+J47*K47 -> 0 | J47: =25508/1000000 -> 0.025508 | K47: =14.43*0 -> 0 | L47: Item Obras adic. Sin hh
M48: =SUM(M43:M47) -> 155.70112
C49: KPI de Control Jumbos
C50: Cantidad de Jumbos | D50: =SUMPRODUCT((LEFT(G21:G33, 5)="Jumbo") / (COUNTIF(G21:G33, G21:G33 & "") + (G21:G33=""))) -> 2 | E50: Meta Horas Efectivas | G50: 0.20833333
E51: Meta MLB Turno (Promedio) | G51: =15000/(60) -> 250 | H51: % Cumpl
E52: Horas Efectivas Jumbos (Promedio) | G52: =+SUM(SUMIF($G$21:$G$33, "Jumbo*", $J$21:$J$33))/SUMPRODUCT((LEFT(G21:G33, 5)="Jumbo") / (COUNTIF(G21:G33, G21:G33 & "") + (G21:G33=""))) -> 0.13888889 | H52: =+G52*24/($G$50*24) -> 0.66666667
E53: Promedio MLB/Turno | G53: =+SUM(V21:V33)/D50 -> 173 | H53: =+G53/G51 -> 0.692
G54: MLB | H54: % Cumplimiento
F55: Jumbo 1 | G55: =SUMIF($G$21:$G$33, +F55,$V$21:$V$33) -> 0 | H55: =+G55/$G$51 -> 0
F56: Jumbo 2 | G56: =SUMIF($G$21:$G$33, +F56,$V$21:$V$33) -> 0 | H56: =+G56/$G$51 -> 0
F57: Jumbo 3 | G57: =SUMIF($G$21:$G$33, +F57,$V$21:$V$33) -> 0 | H57: =+G57/$G$51 -> 0
F58: Jumbo 4 | G58: =SUMIF($G$21:$G$33, +F58,$V$21:$V$33) -> 0 | H58: =+G58/$G$51 -> 0
F59: Jumbo 5 | G59: =SUMIF($G$21:$G$33, +F59,$V$21:$V$33) -> 0 | H59: =+G59/$G$51 -> 0
F60: Jumbo 6 | G60: =SUMIF($G$21:$G$33, +F60,$V$21:$V$33) -> 0 | H60: =+G60/$G$51 -> 0
F61: Total | G61: =+SUM(G55:G60) -> 0 | H61: =+G61/($G$51*$D$50) -> 0
C63: KPI de Control Scoop
C64: Cantidad de Scoop | D64: =SUMPRODUCT((LEFT(G21:G33, 5)="Scoop") / (COUNTIF(G21:G33, G21:G33 & "") + (G21:G33=""))) -> 1 | E64: Meta Horas Efectivas | G64: 0.20833333
C65: Capacidad Balde (m3) | D65: 4.9 | E65: Meta M3 Turno (Promedio) | G65: =15000/(60) -> 250 | H65: % Cumplimiento
E66: Horas Efectivas Scoop (Promedio) | G66: =+SUM(SUMIF($G$21:$G$33, "Scoop*", $J$21:$J$33))/SUMPRODUCT((LEFT(G21:G33, 5)="Scoop") / (COUNTIF(G21:G33, G21:G33 & "") + (G21:G33=""))) -> 0.083333333 | H66: =+G66*24/($G$64*24) -> 0.4
E67: Promedio M3/Turno | G67: =+SUM(W21:W33)*D65/D64 -> 0 | H67: =+G67/G65 -> 0
G68: M3 | H68: % Cumplimiento
F69: Scoop 1 | G69: =SUMIF($G$21:$G$33, +F69,$W$21:$W$33)*$D$65 -> 0 | H69: =+G69/$G$65 -> 0
F70: Scoop 2 | G70: =SUMIF($G$21:$G$33, +F70,$W$21:$W$33)*$D$65 -> 0 | H70: =+G70/$G$65 -> 0
F71: Scoop 3 | G71: =SUMIF($G$21:$G$33, +F71,$W$21:$W$33)*$D$65 -> 0 | H71: =+G71/$G$65 -> 0
F72: Scoop 4 | G72: =SUMIF($G$21:$G$33, +F72,$W$21:$W$33)*$D$65 -> 0 | H72: =+G72/$G$65 -> 0
F73: Scoop 5 | G73: =SUMIF($G$21:$G$33, +F73,$W$21:$W$33)*$D$65 -> 0 | H73: =+G73/$G$65 -> 0
F74: Scoop 6 | G74: =SUMIF($G$21:$G$33, +F74,$W$21:$W$33)*$D$65 -> 0 | H74: =+G74/$G$65 -> 0
F75: Total | G75: =+SUM(G69:G74) -> 0 | H75: =+G75/$G$65 -> 0
C77: KPI de Control Roboshot/Mixer
C78: Cantidad de Roboshot | D78: =SUMPRODUCT((LEFT(G21:G33, 8)="Roboshot") / (COUNTIF(G21:G33, G21:G33 & "") + (G21:G33=""))) -> 0 | E78: Meta Horas Efectivas | G78: 0.20833333
E79: Meta M3 Turno (Promedio) | G79: 12 | H79: % Cumplimiento
G81: M3 | H81: % Cumplimiento
F82: Roboshot 1 | G82: =SUMIF($G$21:$G$33, +F82,$X$21:$X$33) -> 0 | H82: =+G82/$G$79 -> 0
F83: Roboshot 2 | G83: =SUMIF($G$21:$G$33, +F83,$X$21:$X$33) -> 0 | H83: =+G83/$G$79 -> 0
F84: Roboshot 3 | G84: =SUMIF($G$21:$G$33, +F84,$X$21:$X$33) -> 0 | H84: =+G84/$G$79 -> 0
F85: Total | G85: =+SUM(G82:G84) -> 0 | H85: =+G85/$G$79 -> 0

Sheet 07-07B
S1: CODIGO:
E2: SISTEMA DE GESTION INTEGRADO
E3: REPORTE DIARIO DE ACTIVIDADES DEL TURNO | S3: REV. 0
S4: FECHA:
C6: Fecha: | K6: Promedio HH.EE Cuadrillas Mineria | M6: =+G39 -> 0.37083333
C7: Turno: | K7: Cumplimiento Actividades | M7: =+H40 -> 0.25
C8: Jefe de Turno: | J8: Resumen | K8: Total MLB | M8: =+G61 -> 0
C9: Grupo: | J9: de KPI | K9: Total M3 Marina | M9: =+G75 -> 0
K10: Total M3 Shotcrete | M10: =+G85 -> 0
K11: Total Avance en Ciclo Minero | M11: =+#REF! -> #REF!
K12: Total Dotación Turno | M12: =+D15+D16+D17+D18 -> 0
B14: DOTACION
B15: Minería | C15: Trabajadores | D15: =+K15+P15 -> 0 | H15: Electricistas | J15: Trabajadores | N15: Mecánicos | O15: Trabajadores
C16: Supervisores | D16: =+K16+P16 -> 0 | J16: Supervisores | O16: Supervisores
B17: OO.CC | C17: Trabajadores | D17: =+K17+P17 -> 0 | H17: Servicios | J17: Trabajadores | N17: Subcontratos | O17: Trabajadores
C18: Supervisores | D18: =+K18+P18 -> 0 | J18: Supervisores | O18: Supervisores
B19: Frente | C19: Gal. Inyec. Sur nodo 3500
B20: NIVEL | C20: POSTURA | D20: ACTIVIDAD | E20: DISCIPLINA | F20: RECURSO (CUADRILLA) | G20: EQUIPO ASIGNADO | H20: HORA INICIO | I20: HORA TERMINO | J20: DURACIÓN ACTIVIDAD | K20: CANTIDAD REALIZADA (Pernos, Malla, Shotcrete, Baldadas, Tiros, etc) | L20: UNIDAD | M20: LARGO PERFORACIÓN (m) (Actividades Jumbos) | N20: % AVANCE DE LA ACTIVIDAD | O20: DETALLE DE LA ACTIVIDAD | P20: PERDIDAS OPERACIONALES (PO) | Q20: HORA INICIO | R20: HORA TERMINO | S20: DURACIÓN INTERFERENCIA | U20: PONDERACIÓN CICLO | V20: MLB | W20: Baldadas | X20: Shotcrete
C21: =+Datos!$R$2 -> Ciclo Minero 10,0 x 7,2 m Galería Inyección Principal | D21: Extracción de Marina Acopio | E21: Minería | F21: G2-3500 | G21: Scoop XWD S-37 | H21: 0.91666667 | I21: 0.039583333 | J21: =MOD(I21-H21, 1) -> 0.12291667 | K21: 17 | L21: Baldadas | M21: 4 | N21: 0.2 | O21: JT indica avance parcial de la actividad | S21: =+MOD(R21-Q21,1) -> 0 | U21: =+IFERROR(VLOOKUP(D21,Datos!$R$3:$T$19,3,FALSE), "0")*N21 -> 0 | V21: =IF(OR(D21="Perforación de Fortificación", D21="Perforación de Avance", D21="Perforación Desquinche"), K21*M21, "") | W21: =IF(D21="Extracción de Marina Disparo",K21,"") | X21: =IF(OR(D21="Shotcrete", D21="Pre Shotcrete"), K21, "")
C22: =+C21 -> Ciclo Minero 10,0 x 7,2 m Galería Inyección Principal | D22: Instalación de Malla | E22: Minería | F22: G2-3500 | G22: MT G-55 | H22: 0.20833333 | I22: 0.27083333 | J22: =MOD(I22-H22, 1) -> 0.0625 | K22: 65 | L22: m² | N22: 0.3 | O22: Falta continuar con malla de fortificacón | S22: =+MOD(R22-Q22,1) -> 0 | U22: =+IFERROR(VLOOKUP(D22,Datos!$R$3:$T$19,3,FALSE), "0")*N22 -> 0.020536224 | V22: =IF(OR(D22="Perforación de Fortificación", D22="Perforación de Avance", D22="Perforación Desquinche"), K22*M22, "") | W22: =IF(D22="Extracción de Marina Disparo",K22,"") | X22: =IF(OR(D22="Shotcrete", D22="Pre Shotcrete"), K22, "")
C23: =+C22 -> Ciclo Minero 10,0 x 7,2 m Galería Inyección Principal | J23: =MOD(I23-H23, 1) -> 0 | S23: =+MOD(R23-Q23,1) -> 0 | U23: =+IFERROR(VLOOKUP(D23,Datos!$R$3:$T$19,3,FALSE), "0")*N23 -> 0 | V23: =IF(OR(D23="Perforación de Fortificación", D23="Perforación de Avance", D23="Perforación Desquinche"), K23*M23, "") | W23: =IF(D23="Extracción de Marina Disparo",K23,"") | X23: =IF(OR(D23="Shotcrete", D23="Pre Shotcrete"), K23, "")
C24: =+C23 -> Ciclo Minero 10,0 x 7,2 m Galería Inyección Principal | J24: =MOD(I24-H24, 1) -> 0 | S24: =+MOD(R24-Q24,1) -> 0 | U24: =+IFERROR(VLOOKUP(D24,Datos!$R$3:$T$19,3,FALSE), "0")*N24 -> 0 | V24: =IF(OR(D24="Perforación de Fortificación", D24="Perforación de Avance", D24="Perforación Desquinche"), K24*M24, "") | W24: =IF(D24="Extracción de Marina Disparo",K24,"") | X24: =IF(OR(D24="Shotcrete", D24="Pre Shotcrete"), K24, "")
S25: =+MOD(R25-Q25,1) -> 0 | U25: =+IFERROR(VLOOKUP(D25,Datos!$R$3:$T$19,3,FALSE), "0") -> 0 | V25: =IF(OR(D25="Perforación de Fortificación", D25="Perforación de Avance", D25="Perforación Desquinche"), K25*M25, "") | W25: =IF(D25="Extracción de Marina Disparo",K25,"") | X25: =IF(OR(D25="Shotcrete", D25="Pre Shotcrete"), K25, "")
J26: =SUM(J21:J25) -> 0.18541667 | S26: =+MOD(R26-Q26,1) -> 0 | V26: =IF(OR(D26="Perforación de Fortificación", D26="Perforación de Avance", D26="Perforación Desquinche"), K26*M26, "") | W26: =IF(D26="Extracción de Marina Disparo",K26,"") | X26: =IF(OR(D26="Shotcrete", D26="Pre Shotcrete"), K26, "")
B27: Frente | C27: Galeria Auxiliar nodo 3700
B28: NIVEL | C28: POSTURA | D28: ACTIVIDAD | E28: DISCIPLINA | F28: RECURSO (CUADRILLA) | G28: EQUIPO ASIGNADO | H28: HORA INICIO | I28: HORA TERMINO | J28: DURACIÓN ACTIVIDAD | K28: CANTIDAD REALIZADA (Pernos, Malla, Shotcrete, Baldadas, Tiros, etc) | L28: UNIDAD | M28: LARGO PERFORACIÓN (m) (Actividades Jumbos) | N28: % AVANCE DE LA ACTIVIDAD | O28: DETALLE DE LA ACTIVIDAD | P28: INTERFERENCIAS REGISTRADAS | Q28: HORA INICIO | R28: HORA TERMINO | S28: DURACIÓN INTERFERENCIA | U28: PONDERACIÓN CICLO | V28: MLB | W28: Baldadas | X28: Baldadas
C29: =+Datos!R23 -> Ciclo Minero 5,2 x 5,6 m Galería Acceso Portal de Servicio | D29: Perforación de Avance | E29: Minería | F29: G2-3700 | G29: Jumbo J-24 | H29: 0.91666667 | I29: 0.11458333 | J29: =MOD(I29-H29, 1) -> 0.19791667 | K29: 65 | L29: Perf | M29: 3.8 | N29: 1 | O29: JT indica que es un avance variable, (Armada) | S29: =MOD(R29-Q29, 1) -> 0 | U29: =+IFERROR(VLOOKUP(D29,Datos!$R$24:$T$40,3,FALSE), "0")*N29 -> 0.12609971 | V29: =IF(OR(D29="Perforación de Fortificación", D29="Perforación de Avance", D29="Perforación Desquinche"), K29*M29, "") -> 247 | W29: =IF(D29="Extracción de Marina Disparo",K29,"") | X29: =IF(OR(D29="Shotcrete", D29="Pre Shotcrete"), K29, "")
C30: =+C29 -> Ciclo Minero 5,2 x 5,6 m Galería Acceso Portal de Servicio | D30: Carguío y tronadura | E30: Minería | F30: G2-3700 | G30: MT G-54 | H30: 0.14583333 | I30: 0.25694444 | J30: =MOD(I30-H30, 1) -> 0.11111111 | K30: 80 | L30: Tiros | N30: 1 | S30: =+MOD(R30-Q30,1) -> 0 | U30: =+IFERROR(VLOOKUP(D30,Datos!$R$24:$T$40,3,FALSE), "0")*N30 -> 0.072336266 | V30: =IF(OR(D30="Perforación de Fortificación", D30="Perforación de Avance", D30="Perforación Desquinche"), K30*M30, "") | W30: =IF(D30="Extracción de Marina Disparo",K30,"") | X30: =IF(OR(D30="Shotcrete", D30="Pre Shotcrete"), K30, "")
C31: =+C30 -> Ciclo Minero 5,2 x 5,6 m Galería Acceso Portal de Servicio | S31: =+MOD(R31-Q31,1) -> 0 | U31: =+IFERROR(VLOOKUP(D31,Datos!$R$24:$T$40,3,FALSE), "0")*N31 -> 0 | V31: =IF(OR(D31="Perforación de Fortificación", D31="Perforación de Avance", D31="Perforación Desquinche"), K31*M31, "") | W31: =IF(D31="Extracción de Marina Disparo",K31,"") | X31: =IF(OR(D31="Shotcrete", D31="Pre Shotcrete"), K31, "")
C32: =+C31 -> Ciclo Minero 5,2 x 5,6 m Galería Acceso Portal de Servicio | S32: =+MOD(R32-Q32,1) -> 0 | U32: =+IFERROR(VLOOKUP(D32,Datos!$R$24:$T$40,3,FALSE), "0")*N32 -> 0 | V32: =IF(OR(D32="Perforación de Fortificación", D32="Perforación de Avance", D32="Perforación Desquinche"), K32*M32, "") | W32: =IF(D32="Extracción de Marina Disparo",K32,"") | X32: =IF(OR(D32="Shotcrete", D32="Pre Shotcrete"), K32, "")
C33: =+C32 -> Ciclo Minero 5,2 x 5,6 m Galería Acceso Portal de Servicio | S33: =+MOD(R33-Q33,1) -> 0 | U33: =+IFERROR(VLOOKUP(D33,Datos!$R$24:$T$40,3,FALSE), "0")*N33 -> 0 | V33: =IF(OR(D33="Perforación de Fortificación", D33="Perforación de Avance", D33="Perforación Desquinche"), K33*M33, "") | W33: =IF(D33="Extracción de Marina Disparo",K33,"") | X33: =IF(OR(D33="Shotcrete", D33="Pre Shotcrete"), K33, "")
C34: =+C32 -> Ciclo Minero 5,2 x 5,6 m Galería Acceso Portal de Servicio | S34: =+MOD(R34-Q34,1) -> 0 | V34: =IF(OR(D34="Perforación de Fortificación", D34="Perforación de Avance", D34="Perforación Desquinche"), K34*M34, "") | W34: =IF(D34="Extracción de Marina Disparo",K34,"") | X34: =IF(OR(D34="Shotcrete", D34="Pre Shotcrete"), K34, "")
C35: =+C33 -> Ciclo Minero 5,2 x 5,6 m Galería Acceso Portal de Servicio | J35: =SUM(J29:J33) -> 0.30902778 | S35: =+MOD(R35-Q35,1) -> 0 | V35: =IF(OR(D35="Perforación de Fortificación", D35="Perforación de Avance", D35="Perforación Desquinche"), K35*M35, "") | W35: =IF(D35="Extracción de Marina Disparo",K35,"") | X35: =IF(OR(D35="Shotcrete", D35="Pre Shotcrete"), K35, "")
C37: KPI de Control Cuadrillas | G37: 3500 | I37: 3700 | K37: Total
C38: Cantidad de Cuadrillas Mineras | D38: =SUMPRODUCT((LEFT(F21:F33, 1)="C") / (COUNTIF(F21:F33, F21:F33 & "") + (F21:F33=""))) -> 0 | E38: Meta Horas Efectivas | G38: 0.26041667 | H38: % Cumplimiento | I38: 0.26041667 | J38: % Cumplimiento | K38: =+G38 -> 0.26041667 | L38: % Cumplimiento
C39: Cantidad de Cuadrillas OO.CC | D39: =SUMPRODUCT((LEFT(F21:F33, 1)="O") / (COUNTIF(F21:F33, F21:F33 & "") + (F21:F33=""))) -> 0 | E39: Horas Efectivas | G39: =SUM(J21:J26) -> 0.37083333 | H39: =+G39*24/($G$38*24) -> 1.424 | I39: =SUM(J29:J33) -> 0.30902778 | J39: =+I39*24/($I$38*24) -> 1.1866667 | K39: =AVERAGE(G39+I39)/2 -> 0.33993056 | L39: =+K39*24/($K$38*24) -> 1.3053333
E40: % Cumplimiento de Actividades | H40: =+AVERAGE(N21:N26) -> 0.25 | J40: =+AVERAGE(N29:N33) -> 1 | L40: =+AVERAGE(N21:N33) -> 0.625
H42: % AVANCE DE LA ACTIVIDAD | I42: AVANCE VENTA | J42: VALOR METRO LENEAL ($/m) | K42: AV. DISP (m) y Viajes Tolva | L42: HH unitaria | M42: HH total
E43: % Av. 3700 | H43: =SUMPRODUCT(N29:N35 * U29:U35 * (N29:N35<>"") * (U29:U35<>"")) -> 0.19843597 | I43: =+H43*$J$43*$K$43 -> 4.4790968 | J43: 6.6 | K43: 3.42 | L43: 56.080976 | M43: =+L43*K43*H43 -> 38.059412
E44: % Av. 3500 | H44: =+SUMPRODUCT(N21:N26 * U21:U26 * (N21:N26<>"") * (U21:U26<>"")) -> 0.0061608671 | I44: =+H44*$J$44*$K$44 -> 0.24862795 | J44: 11.8 | K44: 3.42 | L44: 118.52056 | M44: =+L44*K44*H44 -> 2.4972477
E45: Viajes Mx Ton- km / viaje 3700 | I45: =+J45*K45 -> 0 | J45: =1892/1000000 -> 0.001892 | K45: =+((15*4.4)*2.72)*0 -> 0 | L45: 0.016919982 | M45: =+L45*K45 -> 0
E46: Viajes Mx Ton- km / viaje 3500 | I46: =+J46*K46 -> 0 | J46: =+J45 -> 0.001892 | K46: =+((15*2.8)*2.72)*0 -> 0 | L46: 0.016909997 | M46: =+L46*K46 -> 0
E47: Shotcrete m2 3700 | I47: =+J47*K47 -> 0 | J47: =25508/1000000 -> 0.025508 | K47: =14.43*0 -> 0 | L47: Item Obras adic. Sin hh
M48: =SUM(M43:M47) -> 40.556659
C49: KPI de Control Jumbos
C50: Cantidad de Jumbos | D50: =SUMPRODUCT((LEFT(G21:G33, 5)="Jumbo") / (COUNTIF(G21:G33, G21:G33 & "") + (G21:G33=""))) -> 1 | E50: Meta Horas Efectivas | G50: 0.20833333
E51: Meta MLB Turno (Promedio) | G51: =15000/(60) -> 250 | H51: % Cumpl
E52: Horas Efectivas Jumbos (Promedio) | G52: =+SUM(SUMIF($G$21:$G$33, "Jumbo*", $J$21:$J$33))/SUMPRODUCT((LEFT(G21:G33, 5)="Jumbo") / (COUNTIF(G21:G33, G21:G33 & "") + (G21:G33=""))) -> 0.19791667 | H52: =+G52*24/($G$50*24) -> 0.95
E53: Promedio MLB/Turno | G53: =+SUM(V21:V33)/D50 -> 247 | H53: =+G53/G51 -> 0.988
G54: MLB | H54: % Cumplimiento
F55: Jumbo 1 | G55: =SUMIF($G$21:$G$33, +F55,$V$21:$V$33) -> 0 | H55: =+G55/$G$51 -> 0
